7.155414819717407227e-01,9.685005545616149902e-01,2.181923240423202515e-01,6.568035483360290527e-01,6.566861271858215332e-01,9.943888783454895020e-01,1.852866560220718384e-01,6.232725977897644043e-01,7.334135770797729492e-01,9.960794448852539062e-01,2.067005634307861328e-01,7.334472537040710449e-01,6.828213930130004883e-01,8.792113661766052246e-01,1.939872950315475464e-01,7.359573245048522949e-01,7.337993383407592773e-01,9.672811031341552734e-01,2.019001394510269165e-01,6.899262666702270508e-01
7.202492952346801758e-01,9.674980044364929199e-01,2.321458458900451660e-01,6.362813711166381836e-01,6.347192525863647461e-01,9.927379488945007324e-01,1.890647709369659424e-01,6.570938825607299805e-01,7.312541007995605469e-01,9.956619739532470703e-01,2.033919692039489746e-01,7.330201864242553711e-01,6.821229457855224609e-01,8.515555858612060547e-01,1.946293711662292480e-01,7.346425056457519531e-01,7.337993383407592773e-01,9.676812291145324707e-01,2.062868475914001465e-01,7.050298452377319336e-01
7.233067750930786133e-01,9.670981168746948242e-01,2.410109788179397583e-01,6.375918388366699219e-01,6.163690686225891113e-01,9.910871386528015137e-01,1.539015471935272217e-01,6.554512381553649902e-01,7.296519279479980469e-01,9.960794448852539062e-01,2.002180963754653931e-01,7.260020971298217773e-01,6.802506446838378906e-01,8.263403177261352539e-01,1.946293711662292480e-01,7.346425056457519531e-01,7.346021533012390137e-01,9.686843156814575195e-01,1.985962837934494019e-01,6.885126829147338867e-01
7.249191999435424805e-01,9.674980044364929199e-01,2.400634139776229858e-01,6.407960057258605957e-01,6.097284555435180664e-01,9.930627346038818359e-01,1.391817331314086914e-01,6.538159847259521484e-01,7.304052114486694336e-01,9.958707094192504883e-01,2.002180963754653931e-01,7.260020971298217773e-01,6.789104938507080078e-01,8.051918745040893555e-01,1.940423399209976196e-01,7.321549654006958008e-01,7.349851727485656738e-01,9.678840637207031250e-01,2.094507217407226562e-01,7.095268368721008301e-01
7.268806695938110352e-01,9.668954014778137207e-01,2.536804080009460449e-01,6.258476972579956055e-01,6.128038763999938965e-01,9.930627346038818359e-01,1.434588730335235596e-01,6.803590655326843262e-01,7.319623231887817383e-01,9.958707094192504883e-01,2.052067369222640991e-01,7.331649661064147949e-01,6.779842376708984375e-01,7.842466831207275391e-01,1.946341842412948608e-01,7.346643805503845215e-01,7.346946001052856445e-01,9.674784541130065918e-01,2.052273452281951904e-01,7.082248330116271973e-01
7.280449867248535156e-01,9.673007726669311523e-01,2.590526342391967773e-01,6.047958731651306152e-01,6.192511320114135742e-01,9.930627346038818359e-01,1.514332592487335205e-01,6.507542729377746582e-01,7.319623231887817383e-01,9.962824583053588867e-01,2.076099514961242676e-01,7.276018857955932617e-01,6.769099235534667969e-01,7.641149759292602539e-01,1.949508786201477051e-01,7.346607446670532227e-01,7.343850731849670410e-01,9.672811031341552734e-01,2.047355175018310547e-01,7.019283771514892578e-01
7.268502712249755859e-01,9.673007726669311523e-01,2.472600042819976807e-01,6.355439424514770508e-01,6.161824464797973633e-01,9.914119243621826172e-01,1.497142165899276733e-01,6.633179783821105957e-01,7.334084510803222656e-01,9.966942071914672852e-01,2.029373049736022949e-01,7.327885031700134277e-01,6.769099235534667969e-01,7.427632808685302734e-01,1.947548836469650269e-01,7.345623970031738281e-01,7.334188222885131836e-01,9.672811031341552734e-01,2.037148922681808472e-01,7.079414129257202148e-01
7.244195938110351562e-01,9.666982293128967285e-01,2.496733963489532471e-01,6.309455037117004395e-01,6.262978911399841309e-01,9.914119243621826172e-01,1.775249540805816650e-01,6.578797698020935059e-01,7.340874671936035156e-01,9.966942071914672852e-01,2.055405974388122559e-01,7.300413846969604492e-01,6.745226383209228516e-01,7.256823182106018066e-01,1.945791542530059814e-01,7.343584299087524414e-01,7.333620786666870117e-01,9.672811031341552734e-01,2.000018209218978882e-01,6.803083419799804688e-01
7.218430042266845703e-01,9.683032631874084473e-01,2.448248267173767090e-01,6.196538209915161133e-01,6.432137489318847656e-01,9.907533526420593262e-01,1.885554343461990356e-01,6.516221165657043457e-01,7.344528436660766602e-01,9.966942071914672852e-01,2.095049917697906494e-01,7.469006776809692383e-01,6.736594438552856445e-01,7.045338749885559082e-01,1.939564049243927002e-01,7.340087890625000000e-01,7.316374778747558594e-01,9.678840637207031250e-01,1.985408812761306763e-01,6.878766417503356934e-01
7.204391956329345703e-01,9.673007726669311523e-01,2.398215979337692261e-01,6.268129348754882812e-01,6.642578244209289551e-01,9.933964610099792480e-01,2.005615830421447754e-01,6.516221165657043457e-01,7.344963550567626953e-01,9.954588413238525391e-01,2.080061733722686768e-01,7.399477362632751465e-01,6.712450385093688965e-01,6.890792846679687500e-01,1.945762634277343750e-01,7.339650988578796387e-01,7.302825450897216797e-01,9.676812291145324707e-01,2.017310112714767456e-01,7.026185989379882812e-01
7.189278602600097656e-01,9.674980044364929199e-01,2.354485988616943359e-01,6.402161717414855957e-01,6.858655810356140137e-01,9.920794367790222168e-01,2.005615830421447754e-01,6.299660205841064453e-01,7.334979772567749023e-01,9.958707094192504883e-01,2.038753777742385864e-01,7.210977673530578613e-01,6.695655584335327148e-01,6.750478744506835938e-01,1.947490870952606201e-01,7.347080707550048828e-01,7.280640602111816406e-01,9.690845608711242676e-01,1.981374919414520264e-01,7.026185989379882812e-01
7.171185612678527832e-01,9.678978919982910156e-01,2.341586053371429443e-01,6.434270739555358887e-01,6.858655810356140137e-01,9.930627346038818359e-01,2.055253088474273682e-01,6.180914640426635742e-01,7.326091527938842773e-01,9.956619739532470703e-01,2.093345820903778076e-01,7.282823324203491211e-01,6.673845052719116211e-01,6.616267561912536621e-01,1.945096403360366821e-01,7.340670824050903320e-01,7.254788279533386230e-01,9.680814146995544434e-01,1.981374919414520264e-01,7.116186618804931641e-01
7.154536247253417969e-01,9.674980044364929199e-01,2.297915667295455933e-01,6.497147679328918457e-01,6.911032795906066895e-01,9.920794367790222168e-01,2.222043871879577637e-01,6.280180215835571289e-01,7.336499691009521484e-01,9.964911937713623047e-01,2.049640715122222900e-01,7.468065619468688965e-01,6.643811464309692383e-01,6.465786695480346680e-01,1.943561285734176636e-01,7.342455387115478516e-01,7.218109369277954102e-01,9.680814146995544434e-01,1.994671970605850220e-01,6.808207631111145020e-01
7.119587063789367676e-01,9.674980044364929199e-01,2.255122363567352295e-01,6.690002083778381348e-01,6.858573555946350098e-01,9.907533526420593262e-01,2.190970480442047119e-01,5.980444550514221191e-01,7.347128391265869141e-01,9.958707094192504883e-01,2.117348164319992065e-01,7.285683155059814453e-01,6.606488227844238281e-01,6.465786695480346680e-01,1.947529464960098267e-01,7.337319850921630859e-01,7.172824144363403320e-01,9.674784541130065918e-01,2.009602189064025879e-01,7.151029109954833984e-01
7.095446586608886719e-01,9.674980044364929199e-01,2.193383276462554932e-01,6.690002083778381348e-01,6.699748039245605469e-01,9.910871386528015137e-01,1.936330795288085938e-01,6.384958624839782715e-01,7.355197668075561523e-01,9.969029426574707031e-01,2.069353610277175903e-01,7.289012670516967773e-01,6.568325757980346680e-01,6.323445439338684082e-01,1.946052312850952148e-01,7.368386983871459961e-01,7.145919799804687500e-01,9.464022517204284668e-01,1.959514468908309937e-01,6.977779865264892578e-01
7.087273597717285156e-01,9.670981168746948242e-01,2.172168940305709839e-01,6.680449843406677246e-01,6.520584821701049805e-01,9.930627346038818359e-01,1.875061094760894775e-01,6.338734626770019531e-01,7.352700233459472656e-01,9.962824583053588867e-01,2.066114246845245361e-01,7.074344158172607422e-01,6.525073647499084473e-01,6.205497980117797852e-01,1.946438401937484741e-01,7.329052686691284180e-01,7.108490467071533203e-01,9.215108752250671387e-01,1.959047913551330566e-01,6.980372071266174316e-01
7.062166929244995117e-01,9.666982293128967285e-01,2.098516076803207397e-01,6.605171561241149902e-01,6.379245519638061523e-01,9.930627346038818359e-01,1.742107570171356201e-01,6.585986614227294922e-01,7.357357144355773926e-01,9.954588413238525391e-01,2.050839215517044067e-01,7.315072417259216309e-01,6.483730077743530273e-01,6.085524559020996094e-01,1.941495090723037720e-01,7.360410690307617188e-01,7.057914733886718750e-01,8.954158425331115723e-01,1.959494948387145996e-01,6.978141665458679199e-01
7.037633657455444336e-01,9.677006602287292480e-01,2.062360197305679321e-01,6.705285310745239258e-01,6.372600793838500977e-01,9.900948405265808105e-01,1.860575675964355469e-01,6.347561478614807129e-01,7.350674271583557129e-01,9.964911937713623047e-01,2.091116905212402344e-01,7.222994565963745117e-01,6.447507143020629883e-01,5.977749824523925781e-01,1.946940571069717407e-01,7.343074679374694824e-01,7.057914733886718750e-01,8.695203065872192383e-01,1.959475576877593994e-01,6.977960467338562012e-01
7.029824256896972656e-01,9.673007726669311523e-01,2.068711668252944946e-01,6.705285310745239258e-01,6.406251788139343262e-01,9.927379488945007324e-01,1.860575675964355469e-01,6.347561478614807129e-01,7.344799637794494629e-01,9.964911937713623047e-01,2.097080498933792114e-01,7.395170331001281738e-01,6.411716938018798828e-01,5.865905284881591797e-01,1.946052312850952148e-01,7.317398190498352051e-01,7.023610472679138184e-01,8.456326127052307129e-01,1.959864348173141479e-01,6.978684067726135254e-01
7.029608488082885742e-01,9.681006073951721191e-01,2.051235437393188477e-01,6.622533202171325684e-01,6.406251788139343262e-01,9.937302470207214355e-01,1.929623186588287354e-01,6.375200152397155762e-01,7.330451011657714844e-01,9.964911937713623047e-01,2.032959014177322388e-01,7.262228727340698242e-01,6.383178234100341797e-01,5.743898749351501465e-01,1.946052312850952148e-01,7.317398190498352051e-01,7.023610472679138184e-01,8.456326127052307129e-01,1.959864348173141479e-01,6.978684067726135254e-01
7.022206187248229980e-01,9.674980044364929199e-01,2.041511088609695435e-01,6.565287113189697266e-01,6.400637030601501465e-01,9.917456507682800293e-01,1.794873178005218506e-01,6.287033557891845703e-01,7.319623231887817383e-01,9.964911937713623047e-01,2.055326551198959351e-01,7.232078909873962402e-01,6.355901956558227539e-01,5.640189051628112793e-01,1.939206868410110474e-01,7.343329787254333496e-01,6.842323541641235352e-01,8.456326127052307129e-01,1.959864348173141479e-01,6.978684067726135254e-01
7.018716335296630859e-01,9.678978919982910156e-01,2.026194483041763306e-01,6.779658794403076172e-01,6.381679773330688477e-01,9.920794367790222168e-01,1.836928874254226685e-01,6.341043710708618164e-01,7.319858670234680176e-01,9.960794448852539062e-01,1.999129801988601685e-01,7.434332966804504395e-01,6.316822767257690430e-01,5.552749037742614746e-01,1.951565295457839966e-01,7.339214086532592773e-01,6.842323541641235352e-01,7.538958787918090820e-01,1.959864348173141479e-01,6.985887289047241211e-01
7.008280754089355469e-01,9.678978919982910156e-01,2.026194483041763306e-01,6.779658794403076172e-01,6.356421113014221191e-01,9.904196262359619141e-01,1.827172040939331055e-01,6.577159762382507324e-01,7.312669157981872559e-01,9.960794448852539062e-01,2.038496434688568115e-01,7.140073180198669434e-01,6.301684975624084473e-01,5.473437905311584473e-01,1.946274340152740479e-01,7.340306639671325684e-01,6.842323541641235352e-01,7.538958787918090820e-01,1.959864348173141479e-01,6.985887289047241211e-01
7.012045383453369141e-01,9.668954014778137207e-01,1.977049857378005981e-01,6.643815636634826660e-01,6.315766572952270508e-01,9.910871386528015137e-01,1.771143674850463867e-01,6.341379284858703613e-01,7.304317951202392578e-01,9.960794448852539062e-01,2.016316801309585571e-01,7.461406588554382324e-01,6.287612915039062500e-01,5.394132733345031738e-01,1.952762454748153687e-01,7.364671826362609863e-01,6.821287870407104492e-01,7.538958787918090820e-01,1.959718465805053711e-01,6.978231668472290039e-01
7.012045383453369141e-01,9.674980044364929199e-01,2.000009715557098389e-01,6.592233777046203613e-01,6.276836395263671875e-01,9.910871386528015137e-01,1.724122017621994019e-01,6.531083583831787109e-01,7.291197776794433594e-01,9.960794448852539062e-01,2.047976404428482056e-01,7.461406588554382324e-01,6.311500072479248047e-01,5.322962403297424316e-01,1.941871643066406250e-01,7.343912124633789062e-01,6.813611984252929688e-01,7.356289625167846680e-01,1.959728300571441650e-01,6.975609660148620605e-01
7.031801939010620117e-01,9.668954014778137207e-01,2.067646682262420654e-01,6.596155762672424316e-01,6.241012811660766602e-01,9.917456507682800293e-01,1.614212989807128906e-01,6.411479711532592773e-01,7.281705141067504883e-01,9.964911937713623047e-01,2.047976404428482056e-01,7.340517044067382812e-01,6.348631381988525391e-01,5.239586830139160156e-01,1.947471499443054199e-01,7.343912124633789062e-01,6.857282519340515137e-01,7.175625562667846680e-01,1.959368586540222168e-01,6.977719664573669434e-01
7.060472965240478516e-01,9.674980044364929199e-01,2.105350792407989502e-01,6.613282561302185059e-01,6.211699843406677246e-01,9.914119243621826172e-01,1.611700654029846191e-01,6.647930741310119629e-01,7.281705141067504883e-01,9.971116781234741211e-01,1.986321359872817993e-01,7.284597158432006836e-01,6.370517015457153320e-01,5.154179334640502930e-01,1.947471499443054199e-01,7.368751168251037598e-01,6.925824880599975586e-01,7.000980973243713379e-01,1.959553360939025879e-01,6.976694464683532715e-01
7.095245718955993652e-01,9.673007726669311523e-01,2.116899788379669189e-01,6.530497074127197266e-01,6.191241741180419922e-01,9.933964610099792480e-01,1.593987047672271729e-01,6.447722911834716797e-01,7.281705141067504883e-01,9.971116781234741211e-01,1.986321359872817993e-01,7.284597158432006836e-01,6.370517015457153320e-01,5.083009004592895508e-01,1.947751492261886597e-01,7.339942455291748047e-01,6.995801925659179688e-01,6.876524686813354492e-01,1.964053660631179810e-01,6.976483464241027832e-01
7.127916812896728516e-01,9.673007726669311523e-01,2.208808213472366333e-01,6.407993435859680176e-01,6.142747402191162109e-01,9.910871386528015137e-01,1.470914185047149658e-01,6.556300520896911621e-01,7.281705141067504883e-01,9.971116781234741211e-01,1.986321359872817993e-01,7.284597158432006836e-01,6.352666616439819336e-01,5.007768273353576660e-01,1.946332305669784546e-01,7.345296144485473633e-01,7.039942741394042969e-01,6.740025281906127930e-01,1.959349215030670166e-01,6.978955268859863281e-01
7.148106098175048828e-01,9.674980044364929199e-01,2.306940555572509766e-01,6.513001322746276855e-01,6.118944287300109863e-01,9.937302470207214355e-01,1.440442800521850586e-01,6.509256362915039062e-01,7.329212427139282227e-01,9.962824583053588867e-01,1.996257156133651733e-01,7.396835684776306152e-01,6.321246623992919922e-01,4.934565424919128418e-01,1.945926696062088013e-01,7.344458699226379395e-01,7.054686546325683594e-01,6.589471101760864258e-01,1.959776878356933594e-01,6.977418065071105957e-01
7.146461009979248047e-01,9.677006602287292480e-01,2.279423475265502930e-01,6.355105042457580566e-01,6.154947280883789062e-01,9.914119243621826172e-01,1.391555666923522949e-01,6.546652317047119141e-01,7.329212427139282227e-01,9.962824583053588867e-01,1.996257156133651733e-01,7.396835684776306152e-01,6.294932961463928223e-01,4.869492053985595703e-01,1.947066038846969604e-01,7.318308353424072266e-01,7.044728398323059082e-01,6.452971696853637695e-01,1.960175335407257080e-01,6.976996064186096191e-01
7.134553194046020508e-01,9.677006602287292480e-01,2.176360785961151123e-01,6.458804607391357422e-01,6.181005239486694336e-01,9.927379488945007324e-01,1.481373012065887451e-01,6.443066000938415527e-01,7.329212427139282227e-01,9.962824583053588867e-01,1.996257156133651733e-01,7.396835684776306152e-01,6.269338130950927734e-01,4.869492053985595703e-01,1.942837089300155640e-01,7.336555123329162598e-01,7.056888341903686523e-01,6.316466331481933594e-01,1.959426999092102051e-01,6.977809667587280273e-01
7.118276357650756836e-01,9.678978919982910156e-01,2.251374572515487671e-01,6.311733722686767578e-01,6.176196932792663574e-01,9.920794367790222168e-01,1.553999781608581543e-01,6.385704278945922852e-01,7.335491180419921875e-01,9.962824583053588867e-01,2.023785859346389771e-01,7.359555363655090332e-01,6.327116489410400391e-01,4.804418981075286865e-01,1.945299208164215088e-01,7.323662638664245605e-01,7.023477554321289062e-01,6.187997460365295410e-01,1.959426999092102051e-01,6.977809667587280273e-01
7.097243070602416992e-01,9.678978919982910156e-01,2.204054594039916992e-01,6.541188359260559082e-01,6.196632385253906250e-01,9.930627346038818359e-01,1.593987047672271729e-01,6.468319892883300781e-01,7.340235114097595215e-01,9.969029426574707031e-01,2.100953757762908936e-01,7.224406003952026367e-01,6.469046473503112793e-01,4.759680032730102539e-01,1.947008073329925537e-01,7.318344712257385254e-01,6.960874795913696289e-01,6.071571111679077148e-01,1.959582418203353882e-01,6.966446638107299805e-01
7.112013101577758789e-01,9.673007726669311523e-01,2.243997603654861450e-01,6.502241492271423340e-01,6.240743994712829590e-01,9.924041628837585449e-01,1.606675982475280762e-01,6.482884287834167480e-01,7.334775328636169434e-01,9.962824583053588867e-01,2.100953757762908936e-01,7.224406003952026367e-01,6.606103181838989258e-01,4.710876345634460449e-01,1.945164054632186890e-01,7.315868139266967773e-01,6.939951181411743164e-01,5.967187881469726562e-01,1.959446370601654053e-01,6.979286670684814453e-01
7.206605672836303711e-01,9.674980044364929199e-01,2.243997603654861450e-01,6.502241492271423340e-01,6.246141791343688965e-01,9.937302470207214355e-01,1.578173190355300903e-01,6.327187418937683105e-01,7.318395376205444336e-01,9.956619739532470703e-01,2.081359624862670898e-01,7.370341420173645020e-01,6.889094710350036621e-01,4.660040140151977539e-01,1.947606652975082397e-01,7.343256473541259766e-01,6.943714618682861328e-01,5.868822932243347168e-01,1.958445161581039429e-01,6.977086663246154785e-01
7.206605672836303711e-01,9.666982293128967285e-01,2.388997077941894531e-01,6.058852076530456543e-01,6.220427751541137695e-01,9.920794367790222168e-01,1.660567224025726318e-01,6.464334130287170410e-01,7.298555970191955566e-01,9.964911937713623047e-01,1.984152048826217651e-01,7.088568210601806641e-01,7.295253276824951172e-01,4.605134129524230957e-01,1.947606652975082397e-01,7.343256473541259766e-01,6.996839046478271484e-01,5.746377706527709961e-01,1.958445161581039429e-01,6.977056264877319336e-01
7.312645316123962402e-01,9.674980044364929199e-01,2.572467625141143799e-01,5.781803131103515625e-01,6.178743243217468262e-01,9.927379488945007324e-01,1.535057723522186279e-01,6.522516012191772461e-01,7.298555970191955566e-01,9.958707094192504883e-01,2.045440524816513062e-01,7.386845946311950684e-01,7.693016529083251953e-01,4.560400545597076416e-01,1.946901977062225342e-01,7.369515895843505859e-01,7.058981657028198242e-01,5.662067532539367676e-01,1.960048973560333252e-01,6.977568864822387695e-01
7.358804941177368164e-01,9.685005545616149902e-01,2.728382945060729980e-01,5.748119354248046875e-01,6.072100400924682617e-01,9.933964610099792480e-01,1.418489217758178711e-01,6.663649678230285645e-01,7.288603186607360840e-01,9.964911937713623047e-01,2.024172246456146240e-01,7.241634726524353027e-01,7.693016529083251953e-01,6.128225326538085938e-01,1.947374939918518066e-01,7.360920906066894531e-01,7.164668440818786621e-01,5.573739409446716309e-01,1.959864348173141479e-01,6.977357864379882812e-01
7.348831295967102051e-01,9.670981168746948242e-01,2.667009234428405762e-01,5.737864971160888672e-01,6.019671559333801270e-01,9.917456507682800293e-01,1.343415528535842896e-01,6.723246574401855469e-01,7.278476357460021973e-01,9.954588413238525391e-01,1.954830288887023926e-01,7.456085085868835449e-01,7.667407989501953125e-01,7.970581054687500000e-01,1.948234289884567261e-01,7.357242107391357422e-01,7.282376289367675781e-01,5.471367239952087402e-01,1.959456056356430054e-01,6.977478265762329102e-01
7.323610782623291016e-01,9.666982293128967285e-01,2.633850276470184326e-01,5.692514181137084961e-01,6.019671559333801270e-01,9.937302470207214355e-01,1.248074471950531006e-01,6.795544624328613281e-01,7.260181903839111328e-01,9.969029426574707031e-01,2.024756669998168945e-01,7.326328754425048828e-01,7.518922686576843262e-01,9.800709486007690430e-01,1.992522180080413818e-01,7.721704840660095215e-01,7.282376289367675781e-01,5.385050773620605469e-01,1.959397792816162109e-01,6.977508664131164551e-01
7.301080822944641113e-01,9.673007726669311523e-01,2.601915597915649414e-01,5.806203484535217285e-01,6.062632799148559570e-01,9.920794367790222168e-01,1.333252638578414917e-01,6.652623414993286133e-01,7.236244678497314453e-01,9.969029426574707031e-01,1.973295062780380249e-01,7.206200361251831055e-01,7.675220966339111328e-01,9.806817770004272461e-01,2.083472609519958496e-01,7.541603446006774902e-01,7.416596412658691406e-01,5.300740003585815430e-01,1.959893554449081421e-01,6.977357864379882812e-01
7.314451932907104492e-01,9.685005545616149902e-01,2.700746953487396240e-01,5.872265100479125977e-01,6.091371178627014160e-01,9.943888783454895020e-01,1.451493501663208008e-01,6.439191699028015137e-01,7.204548120498657227e-01,9.958707094192504883e-01,1.974661946296691895e-01,7.543240785598754883e-01,7.808321714401245117e-01,9.806817770004272461e-01,3.022533357143402100e-01,7.202636599540710449e-01,7.536985874176025391e-01,5.236502885818481445e-01,1.959358900785446167e-01,6.977447867393493652e-01
7.359620332717895508e-01,9.685005545616149902e-01,2.714939713478088379e-01,5.750231742858886719e-01,6.079947948455810547e-01,9.920794367790222168e-01,1.365062743425369263e-01,6.425112485885620117e-01,7.179934978485107422e-01,9.890505075454711914e-01,1.997237801551818848e-01,7.296758294105529785e-01,8.299455642700195312e-01,9.806817770004272461e-01,3.323635160923004150e-01,7.632109522819519043e-01,7.857604026794433594e-01,5.174272060394287109e-01,1.958921551704406738e-01,6.978231668472290039e-01
7.335249185562133789e-01,9.674980044364929199e-01,2.616099119186401367e-01,5.911378264427185059e-01,6.036597490310668945e-01,9.917456507682800293e-01,1.369681358337402344e-01,6.644093990325927734e-01,7.146391868591308594e-01,9.545549154281616211e-01,1.997267603874206543e-01,7.296758294105529785e-01,8.560429811477661133e-01,9.806817770004272461e-01,3.872661888599395752e-01,7.074909210205078125e-01,8.030627965927124023e-01,5.330849885940551758e-01,1.959417164325714111e-01,6.976905465126037598e-01
7.319581508636474609e-01,9.670981168746948242e-01,2.652777731418609619e-01,5.959374904632568359e-01,6.065634489059448242e-01,9.917456507682800293e-01,1.378285139799118042e-01,6.758221387863159180e-01,7.139483690261840820e-01,9.252182245254516602e-01,1.997267603874206543e-01,7.295780777931213379e-01,8.738340139389038086e-01,9.810870885848999023e-01,4.305362701416015625e-01,7.446545958518981934e-01,7.930319309234619141e-01,7.286027669906616211e-01,1.959125548601150513e-01,6.977930665016174316e-01
7.298120856285095215e-01,9.678978919982910156e-01,2.593374252319335938e-01,6.027613878250122070e-01,6.140664219856262207e-01,9.933964610099792480e-01,1.406516134738922119e-01,6.505008935928344727e-01,7.120965123176574707e-01,9.014610052108764648e-01,1.997208148241043091e-01,7.297807931900024414e-01,8.255655765533447266e-01,9.806817770004272461e-01,3.418970704078674316e-01,7.336009144783020020e-01,7.860862016677856445e-01,9.676812291145324707e-01,1.975474804639816284e-01,7.312251925468444824e-01
7.295072674751281738e-01,9.664955139160156250e-01,2.593374252319335938e-01,6.027613878250122070e-01,6.222824454307556152e-01,9.914119243621826172e-01,1.561732888221740723e-01,6.375870704650878906e-01,7.114486694335937500e-01,8.764646053314208984e-01,1.997049599885940552e-01,7.297301292419433594e-01,7.725393772125244141e-01,9.814980030059814453e-01,2.926300466060638428e-01,7.400947213172912598e-01,8.080809712409973145e-01,9.680814146995544434e-01,1.975474804639816284e-01,7.312251925468444824e-01
7.266814708709716797e-01,9.673007726669311523e-01,2.545079588890075684e-01,6.053589582443237305e-01,6.237085461616516113e-01,9.910871386528015137e-01,1.644660234451293945e-01,6.257123947143554688e-01,7.114486694335937500e-01,8.529139757156372070e-01,1.996970325708389282e-01,7.296396493911743164e-01,7.344473600387573242e-01,9.806817770004272461e-01,2.520923018455505371e-01,7.407065629959106445e-01,8.080809712409973145e-01,9.680814146995544434e-01,2.902860045433044434e-01,6.763569116592407227e-01
7.266814708709716797e-01,9.668954014778137207e-01,2.585958540439605713e-01,5.834693312644958496e-01,6.261253952980041504e-01,9.920794367790222168e-01,1.661668419837951660e-01,6.450403928756713867e-01,7.127597332000732422e-01,8.306026458740234375e-01,1.996980309486389160e-01,7.296360135078430176e-01,7.010993957519531250e-01,9.723469614982604980e-01,2.004359066486358643e-01,7.396941184997558594e-01,8.550862073898315430e-01,9.680814146995544434e-01,3.597925901412963867e-01,6.879189014434814453e-01
7.217444181442260742e-01,9.673007726669311523e-01,2.478388845920562744e-01,6.166138052940368652e-01,6.266652345657348633e-01,9.920794367790222168e-01,1.661668419837951660e-01,6.450403928756713867e-01,7.149288654327392578e-01,8.109771013259887695e-01,1.997128874063491821e-01,7.296432256698608398e-01,6.492480039596557617e-01,9.491639733314514160e-01,1.946409493684768677e-01,7.342491745948791504e-01,8.980981707572937012e-01,9.680814146995544434e-01,4.134671986103057861e-01,7.216254472732543945e-01
7.200224399566650391e-01,9.666982293128967285e-01,2.393158674240112305e-01,6.262766122817993164e-01,6.230156421661376953e-01,9.914119243621826172e-01,1.743198484182357788e-01,6.170372366905212402e-01,7.194329500198364258e-01,7.911450862884521484e-01,1.997109055519104004e-01,7.296360135078430176e-01,5.711385011672973633e-01,9.247616529464721680e-01,1.939863413572311401e-01,7.337611317634582520e-01,9.087668657302856445e-01,9.686843156814575195e-01,5.383323431015014648e-01,6.868670582771301270e-01
7.167131304740905762e-01,9.666982293128967285e-01,2.247074693441390991e-01,6.348032355308532715e-01,6.203657984733581543e-01,9.914119243621826172e-01,1.689159423112869263e-01,6.283755898475646973e-01,7.235456705093383789e-01,7.708995342254638672e-01,1.997099071741104126e-01,7.297952771186828613e-01,5.349346995353698730e-01,9.025964736938476562e-01,1.948195695877075195e-01,7.339541912078857422e-01,9.065912365913391113e-01,9.682841897010803223e-01,4.876529276371002197e-01,6.685534119606018066e-01
7.148208618164062500e-01,9.666982293128967285e-01,2.251946777105331421e-01,6.415836215019226074e-01,6.161249279975891113e-01,9.920794367790222168e-01,1.553135961294174194e-01,6.378589272499084473e-01,7.266758084297180176e-01,7.545791864395141602e-01,1.996653378009796143e-01,7.296866774559020996e-01,5.039819478988647461e-01,8.800248503684997559e-01,1.946573704481124878e-01,7.341071367263793945e-01,8.447228670120239258e-01,9.672811031341552734e-01,3.368579149246215820e-01,6.897846460342407227e-01
7.127318382263183594e-01,9.687032103538513184e-01,2.252420037984848022e-01,6.387447714805603027e-01,6.161249279975891113e-01,9.937302470207214355e-01,1.506520360708236694e-01,6.526129841804504395e-01,7.222868204116821289e-01,7.380523681640625000e-01,1.997485458850860596e-01,7.296106815338134766e-01,4.694565832614898682e-01,8.590796589851379395e-01,1.946052312850952148e-01,7.344859242439270020e-01,7.763194441795349121e-01,9.672811031341552734e-01,2.833671569824218750e-01,6.744851469993591309e-01
7.119400501251220703e-01,9.681006073951721191e-01,2.191292494535446167e-01,6.386911273002624512e-01,6.117644906044006348e-01,9.917456507682800293e-01,1.417418867349624634e-01,6.660110354423522949e-01,7.169634103775024414e-01,7.194597125053405762e-01,1.996920853853225708e-01,7.297844290733337402e-01,4.300989806652069092e-01,8.177995681762695312e-01,1.946042627096176147e-01,7.337720990180969238e-01,7.347604632377624512e-01,9.688871502876281738e-01,2.050387710332870483e-01,7.040261626243591309e-01
7.127842903137207031e-01,9.673007726669311523e-01,2.242527902126312256e-01,6.386911273002624512e-01,6.108633279800415039e-01,9.904196262359619141e-01,1.399264782667160034e-01,6.649680733680725098e-01,7.081004977226257324e-01,7.029334306716918945e-01,1.997317075729370117e-01,7.297192811965942383e-01,4.042018949985504150e-01,7.999050617218017578e-01,1.942373663187026978e-01,7.336955666542053223e-01,6.762326359748840332e-01,9.620627760887145996e-01,1.959222853183746338e-01,6.978201866149902344e-01
7.151914834976196289e-01,9.668954014778137207e-01,2.242527902126312256e-01,6.466815471649169922e-01,6.114524602890014648e-01,9.924041628837585449e-01,1.399116814136505127e-01,6.370245814323425293e-01,7.002405524253845215e-01,6.886788010597229004e-01,1.996990144252777100e-01,7.299762368202209473e-01,3.933801949024200439e-01,7.826203107833862305e-01,1.946863234043121338e-01,7.347882390022277832e-01,6.287529468536376953e-01,9.353625774383544922e-01,1.957628726959228516e-01,6.977267265319824219e-01
7.156513929367065430e-01,9.670981168746948242e-01,2.291180640459060669e-01,6.494365930557250977e-01,6.118571162223815918e-01,9.927379488945007324e-01,1.500528603792190552e-01,6.664804220199584961e-01,6.947969198226928711e-01,6.717389822006225586e-01,1.997059434652328491e-01,7.296541333198547363e-01,3.966419994831085205e-01,7.659451961517333984e-01,1.940770894289016724e-01,7.345150709152221680e-01,5.798861980438232422e-01,9.096681475639343262e-01,1.959601938724517822e-01,6.977267265319824219e-01
7.160642147064208984e-01,9.668954014778137207e-01,2.262470126152038574e-01,6.426025629043579102e-01,6.228625774383544922e-01,9.940550923347473145e-01,1.456280797719955444e-01,6.377806663513183594e-01,6.913673877716064453e-01,6.566579341888427734e-01,1.997376531362533569e-01,7.296758294105529785e-01,3.908533453941345215e-01,7.484571337699890137e-01,1.946795731782913208e-01,7.328215241432189941e-01,5.798861980438232422e-01,8.791561126708984375e-01,1.959601938724517822e-01,6.977357864379882812e-01
7.148984670639038086e-01,9.674980044364929199e-01,2.344299703836441040e-01,6.326280236244201660e-01,6.261492967605590820e-01,9.937302470207214355e-01,1.521040201187133789e-01,6.424255967140197754e-01,6.886547803878784180e-01,6.440562009811401367e-01,1.997158527374267578e-01,7.296541333198547363e-01,3.896902799606323242e-01,7.327992916107177734e-01,1.947751492261886597e-01,7.324973344802856445e-01,5.193344354629516602e-01,8.482423424720764160e-01,1.959592103958129883e-01,6.980221271514892578e-01
7.143049836158752441e-01,9.678978919982910156e-01,2.245171219110488892e-01,6.343407034873962402e-01,6.248897314071655273e-01,9.917456507682800293e-01,1.652527749538421631e-01,6.307371258735656738e-01,6.889193654060363770e-01,6.440562009811401367e-01,1.996742486953735352e-01,7.297518253326416016e-01,3.851692378520965576e-01,7.191749811172485352e-01,1.948523968458175659e-01,7.324609160423278809e-01,4.787555336952209473e-01,8.245552778244018555e-01,1.959563046693801880e-01,6.978834867477416992e-01
7.161059379577636719e-01,9.670981168746948242e-01,2.302689254283905029e-01,6.487762928009033203e-01,6.183185577392578125e-01,9.924041628837585449e-01,1.552544087171554565e-01,6.360301375389099121e-01,6.874880790710449219e-01,6.300086379051208496e-01,1.997019946575164795e-01,7.295853495597839355e-01,3.875096440315246582e-01,6.911126971244812012e-01,1.947606652975082397e-01,7.342819571495056152e-01,4.308044910430908203e-01,8.245552778244018555e-01,1.959699094295501709e-01,6.978563070297241211e-01
7.188773155212402344e-01,9.673007726669311523e-01,2.234203964471817017e-01,6.366567611694335938e-01,6.115995645523071289e-01,9.924041628837585449e-01,1.467582881450653076e-01,6.681305170059204102e-01,6.947703361511230469e-01,6.182333230972290039e-01,1.996683031320571899e-01,7.296034693717956543e-01,3.887368440628051758e-01,6.911126971244812012e-01,1.951835602521896362e-01,7.347554564476013184e-01,4.017987251281738281e-01,8.014706373214721680e-01,1.959388107061386108e-01,6.988630294799804688e-01
7.201765775680541992e-01,9.664955139160156250e-01,2.382130622863769531e-01,6.450760960578918457e-01,6.058563590049743652e-01,9.937302470207214355e-01,1.315958797931671143e-01,6.446120738983154297e-01,7.131030559539794922e-01,6.072844266891479492e-01,1.997009962797164917e-01,7.297481894493103027e-01,3.842355310916900635e-01,6.724041700363159180e-01,1.947365403175354004e-01,7.343766689300537109e-01,3.971609771251678467e-01,7.761775255203247070e-01,1.959893554449081421e-01,6.988630294799804688e-01
7.198604941368103027e-01,9.683032631874084473e-01,2.443573176860809326e-01,6.317700147628784180e-01,6.017804741859436035e-01,9.920794367790222168e-01,1.227494031190872192e-01,6.446120738983154297e-01,7.322125434875488281e-01,5.961284637451171875e-01,1.997158527374267578e-01,7.296396493911743164e-01,3.855051398277282715e-01,6.593900918960571289e-01,1.948987394571304321e-01,7.338958978652954102e-01,3.960486650466918945e-01,7.569068670272827148e-01,1.959893554449081421e-01,6.977568864822387695e-01
7.171941995620727539e-01,9.683032631874084473e-01,2.365415394306182861e-01,6.144787669181823730e-01,5.972879528999328613e-01,9.937302470207214355e-01,1.227494031190872192e-01,6.665064692497253418e-01,7.459347248077392578e-01,5.857995748519897461e-01,1.997188329696655273e-01,7.296686172485351562e-01,3.870835006237030029e-01,6.459689140319824219e-01,1.944690942764282227e-01,7.339141368865966797e-01,3.974822163581848145e-01,7.380374670028686523e-01,1.959426999092102051e-01,6.977026462554931641e-01
7.171941995620727539e-01,9.678978919982910156e-01,2.305301576852798462e-01,6.333217620849609375e-01,5.934360027313232422e-01,9.917456507682800293e-01,1.186154335737228394e-01,6.779863238334655762e-01,7.620435357093811035e-01,5.765029191970825195e-01,1.997109055519104004e-01,7.311344742774963379e-01,3.833299279212951660e-01,6.240069866180419922e-01,1.941417753696441650e-01,7.334042191505432129e-01,3.939516842365264893e-01,7.211760282516479492e-01,1.959669888019561768e-01,6.978171467781066895e-01
7.176330089569091797e-01,9.674980044364929199e-01,2.350178062915802002e-01,6.343674659729003906e-01,5.934360027313232422e-01,9.924041628837585449e-01,1.097565293312072754e-01,6.733378171920776367e-01,7.863142490386962891e-01,5.659675598144531250e-01,1.997079253196716309e-01,7.296866774559020996e-01,3.873552680015563965e-01,6.124160885810852051e-01,1.951526701450347900e-01,7.345259785652160645e-01,3.939516842365264893e-01,7.041132450103759766e-01,1.959650516510009766e-01,6.976363062858581543e-01
7.222057580947875977e-01,9.674980044364929199e-01,2.423651516437530518e-01,6.307343840599060059e-01,5.872202515602111816e-01,9.914119243621826172e-01,1.056192070245742798e-01,6.959100961685180664e-01,7.995952963829040527e-01,5.636947154998779297e-01,1.997079253196716309e-01,7.296866774559020996e-01,3.874223530292510986e-01,6.020451188087463379e-01,1.949392855167388916e-01,7.337538599967956543e-01,3.922586739063262939e-01,6.878535747528076172e-01,1.959815770387649536e-01,6.977689266204833984e-01
7.237402200698852539e-01,9.666982293128967285e-01,2.422785758972167969e-01,6.082246303558349609e-01,5.799509882926940918e-01,9.914119243621826172e-01,9.407246857881546021e-02,6.894810199737548828e-01,7.995952963829040527e-01,7.923844456672668457e-01,1.996970325708389282e-01,7.297663092613220215e-01,3.891324102878570557e-01,5.926914215087890625e-01,1.946534961462020874e-01,7.341253757476806641e-01,3.917678892612457275e-01,6.734001040458679199e-01,1.959893554449081421e-01,6.977447867393493652e-01
7.256275415420532227e-01,9.664955139160156250e-01,2.453941404819488525e-01,6.107048392295837402e-01,5.747998952865600586e-01,9.914119243621826172e-01,8.332156389951705933e-02,6.995269060134887695e-01,7.889255285263061523e-01,9.958707094192504883e-01,2.029908001422882080e-01,7.612915039062500000e-01,3.908987045288085938e-01,5.841506123542785645e-01,1.950532197952270508e-01,7.343620657920837402e-01,3.937836587429046631e-01,6.583452224731445312e-01,1.959582418203353882e-01,6.976845264434814453e-01
7.245535850524902344e-01,9.664955139160156250e-01,2.516646683216094971e-01,6.064180135726928711e-01,5.730430483818054199e-01,9.914119243621826172e-01,8.770330995321273804e-02,6.844674348831176758e-01,7.939213514328002930e-01,9.956619739532470703e-01,2.370524853467941284e-01,7.136852145195007324e-01,3.869892954826354980e-01,5.754066109657287598e-01,1.947162598371505737e-01,7.336336970329284668e-01,3.950619697570800781e-01,6.434904336929321289e-01,1.959611624479293823e-01,6.976935863494873047e-01
7.217115163803100586e-01,9.673007726669311523e-01,2.440035343170166016e-01,6.333184242248535156e-01,5.743899941444396973e-01,9.917456507682800293e-01,9.256713837385177612e-02,6.994858980178833008e-01,8.140195608139038086e-01,9.956619739532470703e-01,3.214608132839202881e-01,7.231500148773193359e-01,3.901682198047637939e-01,5.672723054885864258e-01,1.952231526374816895e-01,7.345587611198425293e-01,3.984857499599456787e-01,6.314460039138793945e-01,1.959358900785446167e-01,6.998275518417358398e-01
7.169624567031860352e-01,9.673007726669311523e-01,2.274403572082519531e-01,6.182426810264587402e-01,5.797620415687561035e-01,9.927379488945007324e-01,9.134948253631591797e-02,7.084887623786926270e-01,8.280297517776489258e-01,9.958707094192504883e-01,3.328385949134826660e-01,7.521017789840698242e-01,3.886426389217376709e-01,5.587314963340759277e-01,1.942701935768127441e-01,7.349666953086853027e-01,3.930451869964599609e-01,6.183985471725463867e-01,1.959145069122314453e-01,6.977990865707397461e-01
7.156985402107238770e-01,9.677006602287292480e-01,2.325017154216766357e-01,6.415735483169555664e-01,5.849952697753906250e-01,9.924041628837585449e-01,9.134948253631591797e-02,7.084887623786926270e-01,8.432221412658691406e-01,9.960794448852539062e-01,3.481664061546325684e-01,7.046800255775451660e-01,3.856787681579589844e-01,5.503945350646972656e-01,1.950995624065399170e-01,7.321841120719909668e-01,3.907313048839569092e-01,6.051498055458068848e-01,1.959514468908309937e-01,6.977056264877319336e-01
7.155007123947143555e-01,9.674980044364929199e-01,2.317314743995666504e-01,6.290082335472106934e-01,5.849952697753906250e-01,9.927379488945007324e-01,9.856336563825607300e-02,6.707862615585327148e-01,8.585567474365234375e-01,9.958707094192504883e-01,3.715324997901916504e-01,7.297844290733337402e-01,3.816583454608917236e-01,5.420569777488708496e-01,1.947761178016662598e-01,7.348319292068481445e-01,3.953377604484558105e-01,6.051498055458068848e-01,1.959572732448577881e-01,6.978171467781066895e-01
7.146314382553100586e-01,9.678978919982910156e-01,2.283457368612289429e-01,6.468859910964965820e-01,5.865721702575683594e-01,9.927379488945007324e-01,1.112163588404655457e-01,6.662420630455017090e-01,8.870131969451904297e-01,9.971116781234741211e-01,3.889383077621459961e-01,7.027834653854370117e-01,3.863983750343322754e-01,5.335161685943603516e-01,1.946322619915008545e-01,7.346388697624206543e-01,3.962452709674835205e-01,5.939084291458129883e-01,1.960340589284896851e-01,6.977176666259765625e-01
7.134416103363037109e-01,9.670981168746948242e-01,2.283457368612289429e-01,6.468859910964965820e-01,5.850587487220764160e-01,9.920794367790222168e-01,1.026324704289436340e-01,6.986180543899536133e-01,8.346887826919555664e-01,9.956619739532470703e-01,3.359304070472717285e-01,7.342833876609802246e-01,3.852333426475524902e-01,5.245689749717712402e-01,1.951941847801208496e-01,7.345004677772521973e-01,3.943061232566833496e-01,5.830683112144470215e-01,1.959154754877090454e-01,6.976965665817260742e-01
7.133429050445556641e-01,9.673007726669311523e-01,2.291129827499389648e-01,6.417545676231384277e-01,5.829457640647888184e-01,9.924041628837585449e-01,1.041661947965621948e-01,6.898089051246643066e-01,7.726089358329772949e-01,9.956619739532470703e-01,2.856503725051879883e-01,7.018496394157409668e-01,3.806299567222595215e-01,5.160281658172607422e-01,1.951941847801208496e-01,7.345004677772521973e-01,4.054794311523437500e-01,5.734329819679260254e-01,1.959553360939025879e-01,6.977508664131164551e-01
7.133429050445556641e-01,9.677006602287292480e-01,2.294354140758514404e-01,6.229786276817321777e-01,5.811060070991516113e-01,9.927379488945007324e-01,9.252053499221801758e-02,6.836927533149719238e-01,7.427835464477539062e-01,9.954588413238525391e-01,2.149730920791625977e-01,7.162767648696899414e-01,3.806299567222595215e-01,5.093176364898681641e-01,1.950194239616394043e-01,7.340816259384155273e-01,4.049952626228332520e-01,5.621916055679321289e-01,1.959086656570434570e-01,6.977327466011047363e-01
7.126017212867736816e-01,9.681006073951721191e-01,2.195434868335723877e-01,6.370320916175842285e-01,5.815480351448059082e-01,9.914119243621826172e-01,1.034464985132217407e-01,7.035124301910400391e-01,6.930698752403259277e-01,9.716984033584594727e-01,1.997019946575164795e-01,7.297446131706237793e-01,3.834764361381530762e-01,5.022006034851074219e-01,1.944893598556518555e-01,7.342892289161682129e-01,4.083113074302673340e-01,5.529580712318420410e-01,1.959086656570434570e-01,6.977327466011047363e-01
7.117981910705566406e-01,9.674980044364929199e-01,2.177060842514038086e-01,6.376286745071411133e-01,5.817316770553588867e-01,9.933964610099792480e-01,9.855428338050842285e-02,6.951799988746643066e-01,6.458446979522705078e-01,9.473229646682739258e-01,1.997069418430328369e-01,7.296396493911743164e-01,3.872837424278259277e-01,4.954900145530700684e-01,1.951381862163543701e-01,7.354109883308410645e-01,4.063884913921356201e-01,5.427203178405761719e-01,1.959767192602157593e-01,6.975880861282348633e-01
7.111257314682006836e-01,9.673007726669311523e-01,2.205898910760879517e-01,6.502544283866882324e-01,5.825209021568298340e-01,9.924041628837585449e-01,9.644750505685806274e-02,6.805899739265441895e-01,6.008653640747070312e-01,9.245988130569458008e-01,1.997386366128921509e-01,7.296577095985412598e-01,3.900409638881683350e-01,4.887794256210327148e-01,1.947432905435562134e-01,7.338303327560424805e-01,4.033313691616058350e-01,5.350922942161560059e-01,1.959320008754730225e-01,6.977990865707397461e-01
7.101184725761413574e-01,9.685005545616149902e-01,2.214804589748382568e-01,6.372164487838745117e-01,5.852789878845214844e-01,9.907533526420593262e-01,9.934101998805999756e-02,6.755577921867370605e-01,5.678039193153381348e-01,9.010480642318725586e-01,1.997059434652328491e-01,7.296649813652038574e-01,3.859988749027252197e-01,4.887794256210327148e-01,1.948147416114807129e-01,7.335462570190429688e-01,4.033313691616058350e-01,5.274643301963806152e-01,1.959776878356933594e-01,6.978352665901184082e-01
7.100895643234252930e-01,9.681006073951721191e-01,2.149406522512435913e-01,6.469865441322326660e-01,5.998967289924621582e-01,9.914119243621826172e-01,1.068436726927757263e-01,6.644206047058105469e-01,4.926998913288116455e-01,8.797696828842163086e-01,1.996772289276123047e-01,7.296866774559020996e-01,3.861626386642456055e-01,4.818656444549560547e-01,1.947693675756454468e-01,7.347263097763061523e-01,4.108086824417114258e-01,5.194350481033325195e-01,1.959835141897201538e-01,6.977146863937377930e-01
7.083769440650939941e-01,9.678978919982910156e-01,2.205898910760879517e-01,6.417177319526672363e-01,6.032438874244689941e-01,9.937302470207214355e-01,1.269732117652893066e-01,6.403657197952270508e-01,4.594174027442932129e-01,8.591113090515136719e-01,1.997069418430328369e-01,7.298387289047241211e-01,3.837023377418518066e-01,4.763750135898590088e-01,1.945164054632186890e-01,7.344058156013488770e-01,4.095533490180969238e-01,5.114052295684814453e-01,1.959485262632369995e-01,6.977056264877319336e-01
7.064139842987060547e-01,9.678978919982910156e-01,2.135904729366302490e-01,6.754487752914428711e-01,6.052284836769104004e-01,9.924041628837585449e-01,1.298190206289291382e-01,6.205163002014160156e-01,4.247015714645385742e-01,8.409315347671508789e-01,1.997019946575164795e-01,7.322709560394287109e-01,3.850508630275726318e-01,4.714946448802947998e-01,1.947857737541198730e-01,7.337757349014282227e-01,4.034661948680877686e-01,5.045802593231201172e-01,1.959261745214462280e-01,6.979256868362426758e-01
7.032666206359863281e-01,9.674980044364929199e-01,2.026608884334564209e-01,6.658295392990112305e-01,6.061774492263793945e-01,9.914119243621826172e-01,1.313322633504867554e-01,6.182404160499572754e-01,3.966749012470245361e-01,8.235788345336914062e-01,1.997079253196716309e-01,7.296468615531921387e-01,3.880009353160858154e-01,4.666142761707305908e-01,1.944777816534042358e-01,7.342928647994995117e-01,4.049171209335327148e-01,4.975547194480895996e-01,1.959699094295501709e-01,6.977478265762329102e-01
7.008241415023803711e-01,9.673007726669311523e-01,1.955599188804626465e-01,6.699889302253723145e-01,6.009673476219177246e-01,9.914119243621826172e-01,1.313322633504867554e-01,6.182404160499572754e-01,3.872292935848236084e-01,7.849471569061279297e-01,1.999189257621765137e-01,7.296613454818725586e-01,3.906599879264831543e-01,4.619371294975280762e-01,1.944748759269714355e-01,7.357351779937744141e-01,4.054788947105407715e-01,4.921346306800842285e-01,1.959456056356430054e-01,6.978563070297241211e-01
6.991861462593078613e-01,9.668954014778137207e-01,1.972631514072418213e-01,6.713966131210327148e-01,6.009673476219177246e-01,9.933964610099792480e-01,1.199445500969886780e-01,6.302417516708374023e-01,3.775679469108581543e-01,7.682138681411743164e-01,1.996881216764450073e-01,7.296975255012512207e-01,3.948401808738708496e-01,4.572600126266479492e-01,1.945250928401947021e-01,7.357351779937744141e-01,4.025939106941223145e-01,4.867145419120788574e-01,1.959699094295501709e-01,6.979799270629882812e-01
6.973950266838073730e-01,9.670981168746948242e-01,2.023669779300689697e-01,6.839820742607116699e-01,5.953847169876098633e-01,9.933964610099792480e-01,1.224117875099182129e-01,6.551048755645751953e-01,3.756258785724639893e-01,7.512740492820739746e-01,1.996970325708389282e-01,7.296866774559020996e-01,4.037648737430572510e-01,4.529899060726165771e-01,1.945250928401947021e-01,7.327632308006286621e-01,4.046571850776672363e-01,4.818969070911407471e-01,1.959475576877593994e-01,6.978563070297241211e-01
6.957089900970458984e-01,9.678978919982910156e-01,2.019646018743515015e-01,6.740343570709228516e-01,5.993673801422119141e-01,9.933964610099792480e-01,1.273176968097686768e-01,6.471262574195861816e-01,3.764428496360778809e-01,7.368129491806030273e-01,1.997099071741104126e-01,7.296649813652038574e-01,4.037648737430572510e-01,4.485160112380981445e-01,1.946254968643188477e-01,7.349812388420104980e-01,4.050182402133941650e-01,4.764768183231353760e-01,1.959504634141921997e-01,6.975880861282348633e-01
6.928516626358032227e-01,9.681006073951721191e-01,2.004299908876419067e-01,6.776407957077026367e-01,6.054785847663879395e-01,9.930627346038818359e-01,1.262797415256500244e-01,6.283867359161376953e-01,3.790209591388702393e-01,7.219389677047729492e-01,1.997386366128921509e-01,7.296975255012512207e-01,4.368445277214050293e-01,4.448556005954742432e-01,1.945897787809371948e-01,7.340925931930541992e-01,4.041459560394287109e-01,4.712579250335693359e-01,1.959378272294998169e-01,6.979135870933532715e-01
6.912916898727416992e-01,9.674980044364929199e-01,1.932175755500793457e-01,6.740377545356750488e-01,6.077020764350891113e-01,9.910871386528015137e-01,1.383994668722152710e-01,6.268334984779357910e-01,3.859646320343017578e-01,7.072714567184448242e-01,1.997118890285491943e-01,7.296323776245117188e-01,4.922413229942321777e-01,4.411951899528503418e-01,1.945772320032119751e-01,7.348683476448059082e-01,4.033671319484710693e-01,4.664402604103088379e-01,1.959407478570938110e-01,6.997733116149902344e-01
6.908499598503112793e-01,9.670981168746948242e-01,2.014517486095428467e-01,6.751940846443176270e-01,6.087481379508972168e-01,9.924041628837585449e-01,1.383994668722152710e-01,6.268334984779357910e-01,3.901863992214202881e-01,6.940497159957885742e-01,1.997019946575164795e-01,7.296866774559020996e-01,5.451551079750061035e-01,4.381450116634368896e-01,1.946254968643188477e-01,7.337065339088439941e-01,4.021158814430236816e-01,4.620238542556762695e-01,1.959572732448577881e-01,6.977176666259765625e-01
6.914012432098388672e-01,9.673007726669311523e-01,2.015424817800521851e-01,6.706224083900451660e-01,6.082508563995361328e-01,9.930627346038818359e-01,1.433518528938293457e-01,6.027899384498596191e-01,3.937059342861175537e-01,6.804150342941284180e-01,1.997099071741104126e-01,7.297084331512451172e-01,6.382714509963989258e-01,4.346883893013000488e-01,1.953428685665130615e-01,7.340051531791687012e-01,4.018921852111816406e-01,4.576079845428466797e-01,1.959533840417861938e-01,6.977779865264892578e-01
6.918655633926391602e-01,9.677006602287292480e-01,1.984219998121261597e-01,6.632453799247741699e-01,6.082508563995361328e-01,9.927379488945007324e-01,1.322952061891555786e-01,6.352814435958862305e-01,3.875801861286163330e-01,6.680203676223754883e-01,1.996980309486389160e-01,7.296577095985412598e-01,8.007768392562866211e-01,6.789115667343139648e-01,1.946090906858444214e-01,7.342419028282165527e-01,4.072459638118743896e-01,4.539946019649505615e-01,1.959378272294998169e-01,6.977447867393493652e-01
6.924187541007995605e-01,9.666982293128967285e-01,1.949740648269653320e-01,6.632018685340881348e-01,6.084166169166564941e-01,9.930627346038818359e-01,1.313129961490631104e-01,6.501470804214477539e-01,3.899787366390228271e-01,6.564514636993408203e-01,1.996960490942001343e-01,7.312321662902832031e-01,7.490251064300537109e-01,6.789115667343139648e-01,1.946863234043121338e-01,7.322387695312500000e-01,4.311328828334808350e-01,4.501805901527404785e-01,1.959757357835769653e-01,6.976694464683532715e-01
6.930038332939147949e-01,9.674980044364929199e-01,2.019527554512023926e-01,6.897033452987670898e-01,6.049335002899169922e-01,9.917456507682800293e-01,1.337358355522155762e-01,6.737884879112243652e-01,3.897188901901245117e-01,6.337273120880126953e-01,1.997089236974716187e-01,7.297952771186828613e-01,7.665222883224487305e-01,8.180027604103088379e-01,1.963962316513061523e-01,7.843240499496459961e-01,4.653968811035156250e-01,4.465672075748443604e-01,1.959368586540222168e-01,6.979045867919921875e-01
6.937553286552429199e-01,9.670981168746948242e-01,2.028226405382156372e-01,6.786496043205261230e-01,6.027339100837707520e-01,9.917456507682800293e-01,1.246277987957000732e-01,6.769322156906127930e-01,3.847375512123107910e-01,6.229848265647888184e-01,1.997128874063491821e-01,7.296178936958312988e-01,7.665222883224487305e-01,9.808872342109680176e-01,1.963962316513061523e-01,7.843240499496459961e-01,5.124424695968627930e-01,4.433556199073791504e-01,1.959222853183746338e-01,6.977749466896057129e-01
6.959440708160400391e-01,9.668954014778137207e-01,1.999960392713546753e-01,6.743159294128417969e-01,6.011585593223571777e-01,9.917456507682800293e-01,1.222424656152725220e-01,7.018623352050781250e-01,3.783158063888549805e-01,6.126553416252136230e-01,1.997109055519104004e-01,7.296794652938842773e-01,7.683497667312622070e-01,9.804818630218505859e-01,2.796595096588134766e-01,7.577333450317382812e-01,5.649673938751220703e-01,4.375337660312652588e-01,1.959786564111709595e-01,6.979286670684814453e-01
6.999160647392272949e-01,9.670981168746948242e-01,2.000887542963027954e-01,6.728042960166931152e-01,5.984146595001220703e-01,9.917456507682800293e-01,1.205254793167114258e-01,7.018623352050781250e-01,3.769393563270568848e-01,6.029458045959472656e-01,1.996950507164001465e-01,7.296686172485351562e-01,8.884980678558349609e-01,9.806817770004272461e-01,4.539361596107482910e-01,7.420978546142578125e-01,6.371362805366516113e-01,4.343221783638000488e-01,1.959699094295501709e-01,6.976724863052368164e-01
7.041948437690734863e-01,9.670981168746948242e-01,2.065269798040390015e-01,6.766185164451599121e-01,5.970520377159118652e-01,9.914119243621826172e-01,1.205254793167114258e-01,7.028754949569702148e-01,3.792054355144500732e-01,5.936497449874877930e-01,1.996920853853225708e-01,7.296758294105529785e-01,8.800587654113769531e-01,9.810870885848999023e-01,5.550502538681030273e-01,7.715914249420166016e-01,7.756110429763793945e-01,4.485745429992675781e-01,1.959106177091598511e-01,6.977869868278503418e-01
7.069765329360961914e-01,9.678978919982910156e-01,2.147838324308395386e-01,6.392408013343811035e-01,5.974469780921936035e-01,9.924041628837585449e-01,1.221719160676002502e-01,6.932469010353088379e-01,3.856210708618164062e-01,5.851795673370361328e-01,1.996821761131286621e-01,7.296251654624938965e-01,8.880690336227416992e-01,9.810870885848999023e-01,7.643938064575195312e-01,7.688562273979187012e-01,8.047726154327392578e-01,6.950798034667968750e-01,1.959475576877593994e-01,6.977689266204833984e-01
7.082198858261108398e-01,9.677006602287292480e-01,2.176636904478073120e-01,6.487963795661926270e-01,5.984706282615661621e-01,9.910871386528015137e-01,1.269494593143463135e-01,6.885908842086791992e-01,3.880349993705749512e-01,5.762964487075805664e-01,1.997049599885940552e-01,7.280470728874206543e-01,8.953689336776733398e-01,9.804818630218505859e-01,9.424245953559875488e-01,7.381607890129089355e-01,7.762239575386047363e-01,8.020730614662170410e-01,1.960097551345825195e-01,6.978442668914794922e-01
7.090086936950683594e-01,9.668954014778137207e-01,2.201776355504989624e-01,6.585698127746582031e-01,5.984706282615661621e-01,9.907533526420593262e-01,1.214020401239395142e-01,7.062687873840332031e-01,3.893953263759613037e-01,5.655540227890014648e-01,1.997069418430328369e-01,7.270843386650085449e-01,9.029844999313354492e-01,9.812925457954406738e-01,9.277588725090026855e-01,7.381607890129089355e-01,7.979893684387207031e-01,9.668754935264587402e-01,1.935894489288330078e-01,7.333290576934814453e-01
7.096329927444458008e-01,9.677006602287292480e-01,2.133833467960357666e-01,6.445398330688476562e-01,6.025323271751403809e-01,9.917456507682800293e-01,1.259386837482452393e-01,7.102469205856323242e-01,3.893953263759613037e-01,5.566709041595458984e-01,1.997188329696655273e-01,7.295745015144348145e-01,8.935883045196533203e-01,9.806817770004272461e-01,9.277588725090026855e-01,7.585381269454956055e-01,7.870208621025085449e-01,9.668754935264587402e-01,2.477644383907318115e-01,7.026517391204833984e-01
7.101229429244995117e-01,9.668954014778137207e-01,2.214222848415374756e-01,6.289479732513427734e-01,6.027294397354125977e-01,9.920794367790222168e-01,1.371054500341415405e-01,7.149215340614318848e-01,3.953679800033569336e-01,5.477878451347351074e-01,1.996990144252777100e-01,7.296758294105529785e-01,9.128888845443725586e-01,9.804818630218505859e-01,9.379120469093322754e-01,7.733759880065917969e-01,9.212792515754699707e-01,9.680814146995544434e-01,4.314979314804077148e-01,7.100784778594970703e-01
7.098740339279174805e-01,9.668954014778137207e-01,2.155462205410003662e-01,6.376723051071166992e-01,6.048812270164489746e-01,9.924041628837585449e-01,1.254950761795043945e-01,7.084254622459411621e-01,3.907510042190551758e-01,5.393176078796386719e-01,1.996861398220062256e-01,7.296613454818725586e-01,8.852180242538452148e-01,9.812925457954406738e-01,9.298105835914611816e-01,7.064929604530334473e-01,9.006210565567016602e-01,9.666781425476074219e-01,4.532418251037597656e-01,6.803807020187377930e-01
7.098941802978515625e-01,9.674980044364929199e-01,2.193541228771209717e-01,6.541255712509155273e-01,6.047655344009399414e-01,9.914119243621826172e-01,1.374034881591796875e-01,6.833053231239318848e-01,3.910109102725982666e-01,5.310544967651367188e-01,1.996920853853225708e-01,7.296939492225646973e-01,8.961679935455322266e-01,9.796656370162963867e-01,9.269873499870300293e-01,7.143961787223815918e-01,9.224283695220947266e-01,9.698902964591979980e-01,8.372495174407958984e-01,6.960870623588562012e-01
7.107855081558227539e-01,9.674980044364929199e-01,2.165807783603668213e-01,6.514307856559753418e-01,6.000490188598632812e-01,9.924041628837585449e-01,1.302602291107177734e-01,6.901217699050903320e-01,3.916289806365966797e-01,5.236172080039978027e-01,1.997000128030776978e-01,7.296794652938842773e-01,8.961679935455322266e-01,9.810870885848999023e-01,9.309474825859069824e-01,6.968887448310852051e-01,9.257224202156066895e-01,9.662780165672302246e-01,8.928413391113281250e-01,7.504189014434814453e-01
7.135519981384277344e-01,9.681006073951721191e-01,2.193580567836761475e-01,6.229685544967651367e-01,5.920479893684387207e-01,9.924041628837585449e-01,1.170102953910827637e-01,7.160315513610839844e-01,3.887630999088287354e-01,5.165934562683105469e-01,1.996990144252777100e-01,7.296939492225646973e-01,8.940421342849731445e-01,9.812925457954406738e-01,9.298777580261230469e-01,7.426842451095581055e-01,9.250432252883911133e-01,9.690845608711242676e-01,8.849353790283203125e-01,7.359573841094970703e-01
7.172181606292724609e-01,9.674980044364929199e-01,2.341980040073394775e-01,6.100378632545471191e-01,5.860233902931213379e-01,9.937302470207214355e-01,1.170102953910827637e-01,7.160315513610839844e-01,3.901529908180236816e-01,5.108090043067932129e-01,1.997128874063491821e-01,7.296686172485351562e-01,8.971396684646606445e-01,9.816979765892028809e-01,9.385901093482971191e-01,7.411181330680847168e-01,9.245324730873107910e-01,9.676812291145324707e-01,8.849353790283203125e-01,7.359573841094970703e-01
7.201672792434692383e-01,9.673007726669311523e-01,2.341980040073394775e-01,6.100378632545471191e-01,5.860233902931213379e-01,9.910871386528015137e-01,1.012351661920547485e-01,7.007523775100708008e-01,3.888426721096038818e-01,5.044051408767700195e-01,1.996693015098571777e-01,7.296866774559020996e-01,8.928189277648925781e-01,9.812925457954406738e-01,8.809211850166320801e-01,6.993399262428283691e-01,9.225100278854370117e-01,9.694901704788208008e-01,8.706092834472656250e-01,6.914514303207397461e-01
7.196121215820312500e-01,9.674980044364929199e-01,2.345986515283584595e-01,6.224725246429443359e-01,5.821371078491210938e-01,9.920794367790222168e-01,9.511614590883255005e-02,7.087532281875610352e-01,3.867261707782745361e-01,4.986207485198974609e-01,1.997029781341552734e-01,7.297880053520202637e-01,8.921382427215576172e-01,9.810870885848999023e-01,8.820171356201171875e-01,6.895645856857299805e-01,9.225100278854370117e-01,9.682841897010803223e-01,8.480360507965087891e-01,7.568721175193786621e-01
7.196121215820312500e-01,9.670981168746948242e-01,2.431168854236602783e-01,6.268497705459594727e-01,5.780343413352966309e-01,9.927379488945007324e-01,9.318906068801879883e-02,7.068535685539245605e-01,3.882256150245666504e-01,4.924228191375732422e-01,1.996950507164001465e-01,7.296866774559020996e-01,8.934304714202880859e-01,9.808872342109680176e-01,8.643149137496948242e-01,7.232282757759094238e-01,9.210647344589233398e-01,9.676812291145324707e-01,7.978962659835815430e-01,7.386941313743591309e-01
7.246173620223999023e-01,9.685005545616149902e-01,2.486150860786437988e-01,6.137079000473022461e-01,5.762169957160949707e-01,9.920794367790222168e-01,9.460225701332092285e-02,7.063246965408325195e-01,3.952067792415618896e-01,4.924228191375732422e-01,1.997000128030776978e-01,7.296903133392333984e-01,8.936178684234619141e-01,9.798710942268371582e-01,8.490472435951232910e-01,7.435437440872192383e-01,9.197981953620910645e-01,9.692873358726501465e-01,7.841174602508544922e-01,7.643289566040039062e-01
7.297703623771667480e-01,9.668954014778137207e-01,2.547545433044433594e-01,5.682054162025451660e-01,5.760923027992248535e-01,9.924041628837585449e-01,9.729340672492980957e-02,7.006443142890930176e-01,3.922812938690185547e-01,4.870518743991851807e-01,1.997158527374267578e-01,7.296323776245117188e-01,8.904266357421875000e-01,9.802764058113098145e-01,8.181639909744262695e-01,7.805836796760559082e-01,9.206306934356689453e-01,9.698902964591979980e-01,7.914202213287353516e-01,7.371841073036193848e-01
7.311482429504394531e-01,9.668954014778137207e-01,2.557674944400787354e-01,5.608458518981933594e-01,5.768770575523376465e-01,9.924041628837585449e-01,8.794663101434707642e-02,7.184600234031677246e-01,3.928344845771789551e-01,4.818874001502990723e-01,1.996940672397613525e-01,7.296468615531921387e-01,8.906239271163940430e-01,9.802764058113098145e-01,8.048514723777770996e-01,7.263677120208740234e-01,9.234037995338439941e-01,9.690845608711242676e-01,8.211992979049682617e-01,7.244315147399902344e-01
7.298223972320556641e-01,9.678978919982910156e-01,2.542592585086822510e-01,5.849976539611816406e-01,5.770659446716308594e-01,9.930627346038818359e-01,9.117441624402999878e-02,7.110104560852050781e-01,3.953352272510528564e-01,4.730043113231658936e-01,1.996821761131286621e-01,7.296758294105529785e-01,8.914132118225097656e-01,9.802764058113098145e-01,8.276186585426330566e-01,7.014850974082946777e-01,9.235162138938903809e-01,9.696874618530273438e-01,8.583488464355468750e-01,7.296760082244873047e-01
7.273377180099487305e-01,9.670981168746948242e-01,2.493035197257995605e-01,5.935577154159545898e-01,5.788996815681457520e-01,9.920794367790222168e-01,9.714445471763610840e-02,7.098818421363830566e-01,3.931148946285247803e-01,4.682527780532836914e-01,1.997128874063491821e-01,7.296830415725708008e-01,8.935834169387817383e-01,9.792602658271789551e-01,8.569324016571044922e-01,7.014850974082946777e-01,9.282044768333435059e-01,9.674784541130065918e-01,9.406183958053588867e-01,7.708573937416076660e-01
7.273377180099487305e-01,9.670981168746948242e-01,2.493035197257995605e-01,5.935577154159545898e-01,5.808991789817810059e-01,9.914119243621826172e-01,1.021526828408241272e-01,7.276044487953186035e-01,3.919405639171600342e-01,4.682527780532836914e-01,1.997069418430328369e-01,7.296106815338134766e-01,8.921579122543334961e-01,9.800709486007690430e-01,8.569324016571044922e-01,7.497243881225585938e-01,9.274333119392395020e-01,9.668754935264587402e-01,9.133815765380859375e-01,7.520043849945068359e-01
7.273377180099487305e-01,9.670981168746948242e-01,2.493035197257995605e-01,5.935577154159545898e-01,5.808991789817810059e-01,9.924041628837585449e-01,1.021526828408241272e-01,7.276044487953186035e-01,3.955808579921722412e-01,4.601960778236389160e-01,1.996960490942001343e-01,7.296975255012512207e-01,8.880739212036132812e-01,9.814980030059814453e-01,8.560439348220825195e-01,7.358261942863464355e-01,9.338835477828979492e-01,9.674784541130065918e-01,9.477270841598510742e-01,7.706885933876037598e-01
7.369068861007690430e-01,9.668954014778137207e-01,2.697089910507202148e-01,5.590054392814636230e-01,5.808991789817810059e-01,9.924041628837585449e-01,1.021526828408241272e-01,7.276044487953186035e-01,3.919310271739959717e-01,4.560639560222625732e-01,1.997029781341552734e-01,7.297047972679138184e-01,8.910086154937744141e-01,9.804818630218505859e-01,7.960047721862792969e-01,7.773240208625793457e-01,9.373257160186767578e-01,9.686843156814575195e-01,9.490275382995605469e-01,7.796916961669921875e-01
7.369068861007690430e-01,9.668954014778137207e-01,2.697089910507202148e-01,5.590054392814636230e-01,5.772092938423156738e-01,9.924041628837585449e-01,1.021526828408241272e-01,7.276044487953186035e-01,3.952349424362182617e-01,4.560639560222625732e-01,1.997534930706024170e-01,7.296504974365234375e-01,8.910086154937744141e-01,9.808872342109680176e-01,7.926934361457824707e-01,7.440354228019714355e-01,9.495878815650939941e-01,9.688871502876281738e-01,9.409979581832885742e-01,7.588312625885009766e-01
7.369068861007690430e-01,9.668954014778137207e-01,2.697089910507202148e-01,5.590054392814636230e-01,5.772092938423156738e-01,9.917456507682800293e-01,8.997493237257003784e-02,7.088314890861511230e-01,4.272192120552062988e-01,4.523458778858184814e-01,1.997109055519104004e-01,7.297011613845825195e-01,8.882465362548828125e-01,9.804818630218505859e-01,7.736701965332031250e-01,7.246705293655395508e-01,9.293586611747741699e-01,9.682841897010803223e-01,9.455615282058715820e-01,7.765841484069824219e-01
7.442388534545898438e-01,9.685005545616149902e-01,2.884023487567901611e-01,5.443451404571533203e-01,5.772092938423156738e-01,9.917456507682800293e-01,8.997493237257003784e-02,7.088314890861511230e-01,4.686057567596435547e-01,4.488337039947509766e-01,1.997109055519104004e-01,7.296215295791625977e-01,8.901406526565551758e-01,9.806817770004272461e-01,8.134848475456237793e-01,7.542150616645812988e-01,9.293025135993957520e-01,9.678840637207031250e-01,9.376467466354370117e-01,7.563446164131164551e-01
7.604218721389770508e-01,9.685005545616149902e-01,2.964569330215454102e-01,5.347088575363159180e-01,5.772092938423156738e-01,9.917456507682800293e-01,8.997493237257003784e-02,7.088314890861511230e-01,5.257055759429931641e-01,4.455285370349884033e-01,1.997109055519104004e-01,7.296577095985412598e-01,8.900961875915527344e-01,9.810870885848999023e-01,8.518499732017517090e-01,7.224197387695312500e-01,9.297468066215515137e-01,9.682841897010803223e-01,9.493952989578247070e-01,8.435840606689453125e-01
7.757586240768432617e-01,9.673007726669311523e-01,3.137596845626831055e-01,5.222207307815551758e-01,5.798964500427246094e-01,9.920794367790222168e-01,9.114371240139007568e-02,7.093641161918640137e-01,5.957686901092529297e-01,4.422228336334228516e-01,1.996494829654693604e-01,7.296975255012512207e-01,8.913884162902832031e-01,9.806817770004272461e-01,7.975011467933654785e-01,7.060558199882507324e-01,9.275099039077758789e-01,9.688871502876281738e-01,9.426634311676025391e-01,7.842791676521301270e-01
7.845522761344909668e-01,9.674980044364929199e-01,3.243262171745300293e-01,5.153339505195617676e-01,5.820288658142089844e-01,9.927379488945007324e-01,1.040536165237426758e-01,7.004543542861938477e-01,7.091572284698486328e-01,4.393306076526641846e-01,1.997287273406982422e-01,7.275150418281555176e-01,8.913884162902832031e-01,9.810870885848999023e-01,8.373041152954101562e-01,7.459402680397033691e-01,9.348028302192687988e-01,9.680814146995544434e-01,9.435107707977294922e-01,8.136063218116760254e-01
7.865991592407226562e-01,9.678978919982910156e-01,3.209297060966491699e-01,4.915233552455902100e-01,5.794275403022766113e-01,9.920794367790222168e-01,9.586313366889953613e-02,7.038290500640869141e-01,8.221542835235595703e-01,4.364384114742279053e-01,1.997158527374267578e-01,7.296975255012512207e-01,8.976576328277587891e-01,9.819034337997436523e-01,9.473989009857177734e-01,7.565605640411376953e-01,9.499709010124206543e-01,9.668754935264587402e-01,9.329332113265991211e-01,8.290536999702453613e-01
7.829986810684204102e-01,9.674980044364929199e-01,3.209297060966491699e-01,4.915233552455902100e-01,5.796530246734619141e-01,9.930627346038818359e-01,9.374500066041946411e-02,7.130256295204162598e-01,7.782864570617675781e-01,6.514934897422790527e-01,1.997029781341552734e-01,7.296106815338134766e-01,9.066987037658691406e-01,9.806817770004272461e-01,9.440817236900329590e-01,7.560361027717590332e-01,9.330817461013793945e-01,9.684815406799316406e-01,9.367699623107910156e-01,7.693685293197631836e-01
7.829986810684204102e-01,9.677006602287292480e-01,3.246124982833862305e-01,5.241554975509643555e-01,5.781978368759155273e-01,9.924041628837585449e-01,9.526055306196212769e-02,6.981524229049682617e-01,7.951479554176330566e-01,8.303961753845214844e-01,1.997029781341552734e-01,7.296106815338134766e-01,9.117248058319091797e-01,9.806817770004272461e-01,9.366173148155212402e-01,7.401019930839538574e-01,9.300124049186706543e-01,9.688871502876281738e-01,9.495660066604614258e-01,8.208761215209960938e-01
7.776327133178710938e-01,9.673007726669311523e-01,3.094478845596313477e-01,5.185875892639160156e-01,5.781321525573730469e-01,9.924041628837585449e-01,9.599728137254714966e-02,6.981524229049682617e-01,7.951479554176330566e-01,9.960794448852539062e-01,2.006698101758956909e-01,7.639517784118652344e-01,8.995664119720458984e-01,9.814980030059814453e-01,9.421410560607910156e-01,7.255045771598815918e-01,9.320399165153503418e-01,9.690845608711242676e-01,9.464677572250366211e-01,7.997683882713317871e-01
7.704058885574340820e-01,9.681006073951721191e-01,3.132874071598052979e-01,5.266726016998291016e-01,5.775012373924255371e-01,9.927379488945007324e-01,9.599728137254714966e-02,7.237195372581481934e-01,7.940304279327392578e-01,9.958707094192504883e-01,2.575381398200988770e-01,7.243589162826538086e-01,9.045234918594360352e-01,9.804818630218505859e-01,9.354190230369567871e-01,7.255045771598815918e-01,9.302932620048522949e-01,9.676812291145324707e-01,9.437638521194458008e-01,7.782720327377319336e-01
7.661221027374267578e-01,9.689059257507324219e-01,2.980359196662902832e-01,5.597430467605590820e-01,5.760938525199890137e-01,9.910871386528015137e-01,9.405198693275451660e-02,7.137407660484313965e-01,8.788717985153198242e-01,9.956619739532470703e-01,4.003313779830932617e-01,7.285863757133483887e-01,9.024913311004638672e-01,9.804818630218505859e-01,9.354190230369567871e-01,7.270160317420959473e-01,9.375556111335754395e-01,9.686843156814575195e-01,9.506487846374511719e-01,8.294423222541809082e-01
7.569328546524047852e-01,9.678978919982910156e-01,2.901941835880279541e-01,5.790920257568359375e-01,5.760938525199890137e-01,9.930627346038818359e-01,8.739522099494934082e-02,6.887733936309814453e-01,9.643949270248413086e-01,9.962824583053588867e-01,5.672910213470458984e-01,7.188899517059326172e-01,8.975145816802978516e-01,9.810870885848999023e-01,9.407937526702880859e-01,7.487118840217590332e-01,9.265957474708557129e-01,9.692873358726501465e-01,9.156441688537597656e-01,8.052691221237182617e-01
7.485897541046142578e-01,9.674980044364929199e-01,2.880679965019226074e-01,5.781033039093017578e-01,5.781276822090148926e-01,9.933964610099792480e-01,9.829729795455932617e-02,7.038178443908691406e-01,9.124915599822998047e-01,9.962824583053588867e-01,9.027053713798522949e-01,7.299292087554931641e-01,9.069354534149169922e-01,9.816979765892028809e-01,9.295417070388793945e-01,7.425858974456787109e-01,9.411152005195617676e-01,9.684815406799316406e-01,9.387471675872802734e-01,8.059989809989929199e-01
7.435796260833740234e-01,9.673007726669311523e-01,2.846288084983825684e-01,5.582648515701293945e-01,5.807356834411621094e-01,9.927379488945007324e-01,1.031111180782318115e-01,7.002569437026977539e-01,9.192973375320434570e-01,9.950414896011352539e-01,8.057794570922851562e-01,6.946905255317687988e-01,8.878074884414672852e-01,9.804818630218505859e-01,9.264145493507385254e-01,6.974059939384460449e-01,9.305588006973266602e-01,9.678840637207031250e-01,9.374731779098510742e-01,8.220940828323364258e-01
7.403998374938964844e-01,9.673007726669311523e-01,2.775575816631317139e-01,5.960848927497863770e-01,5.881094932556152344e-01,9.920794367790222168e-01,1.043094322085380554e-01,7.051029205322265625e-01,9.178493022918701172e-01,9.964911937713623047e-01,8.057794570922851562e-01,6.946905255317687988e-01,8.896670341491699219e-01,9.810870885848999023e-01,8.993452787399291992e-01,7.369953393936157227e-01,9.254466295242309570e-01,9.682841897010803223e-01,8.846735954284667969e-01,8.024361729621887207e-01
7.380889058113098145e-01,9.668954014778137207e-01,2.773324847221374512e-01,5.895089507102966309e-01,5.957640409469604492e-01,9.927379488945007324e-01,1.234032958745956421e-01,7.185644507408142090e-01,9.178493022918701172e-01,9.975235462188720703e-01,7.143800258636474609e-01,7.775355577468872070e-01,8.925328254699707031e-01,9.798710942268371582e-01,8.499006032943725586e-01,7.369953393936157227e-01,9.388272762298583984e-01,9.692873358726501465e-01,9.460116624832153320e-01,7.583399415016174316e-01
7.346799373626708984e-01,9.674980044364929199e-01,2.692564129829406738e-01,5.895089507102966309e-01,6.004917621612548828e-01,9.933964610099792480e-01,1.225232928991317749e-01,6.899281144142150879e-01,9.218354225158691406e-01,9.960794448852539062e-01,7.536223530769348145e-01,7.049551606178283691e-01,8.929816484451293945e-01,9.804818630218505859e-01,8.499006032943725586e-01,7.795310616493225098e-01,9.286130666732788086e-01,9.692873358726501465e-01,9.506046772003173828e-01,7.964473962783813477e-01
7.355197668075561523e-01,9.683032631874084473e-01,2.692564129829406738e-01,6.117505431175231934e-01,6.084569096565246582e-01,9.933964610099792480e-01,1.427709162235260010e-01,7.158415317535400391e-01,9.218354225158691406e-01,9.973148107528686523e-01,8.063402175903320312e-01,7.385904788970947266e-01,8.929816484451293945e-01,9.798710942268371582e-01,8.828384280204772949e-01,7.315795421600341797e-01,9.323973655700683594e-01,9.684815406799316406e-01,9.416071176528930664e-01,7.899394631385803223e-01
7.412760257720947266e-01,9.670981168746948242e-01,2.724272012710571289e-01,6.078257560729980469e-01,6.122558116912841797e-01,9.917456507682800293e-01,1.392020285129547119e-01,6.905239820480346680e-01,9.220554828643798828e-01,9.966942071914672852e-01,7.929666042327880859e-01,7.139675021171569824e-01,8.906732797622680664e-01,9.796656370162963867e-01,8.319791555404663086e-01,7.766356468200683594e-01,9.330971240997314453e-01,9.680814146995544434e-01,9.468060731887817383e-01,8.099112510681152344e-01
7.465640306472778320e-01,9.668954014778137207e-01,2.828310132026672363e-01,5.847027301788330078e-01,6.141687035560607910e-01,9.930627346038818359e-01,1.435882747173309326e-01,7.135545015335083008e-01,9.240359067916870117e-01,9.952501058578491211e-01,8.241996765136718750e-01,7.469586133956909180e-01,8.929816484451293945e-01,9.814980030059814453e-01,8.619563579559326172e-01,7.544918656349182129e-01,9.346598386764526367e-01,9.670783281326293945e-01,9.457234144210815430e-01,8.087415695190429688e-01
7.516325712203979492e-01,9.677006602287292480e-01,2.995232343673706055e-01,5.944895148277282715e-01,6.191323995590209961e-01,9.933964610099792480e-01,1.569521129131317139e-01,7.007039189338684082e-01,9.271521568298339844e-01,9.952501058578491211e-01,9.373928308486938477e-01,7.105579972267150879e-01,8.951075077056884766e-01,9.812925457954406738e-01,9.024900197982788086e-01,7.496769428253173828e-01,9.393226504325866699e-01,9.676812291145324707e-01,9.413099288940429688e-01,7.807948589324951172e-01
7.523163557052612305e-01,9.677006602287292480e-01,2.912760972976684570e-01,5.867069363594055176e-01,6.238108277320861816e-01,9.924041628837585449e-01,1.609209030866622925e-01,7.132416367530822754e-01,9.273313283920288086e-01,9.981440305709838867e-01,9.071612358093261719e-01,7.302585840225219727e-01,8.930063247680664062e-01,9.790548086166381836e-01,8.779547214508056641e-01,7.479798197746276855e-01,9.264425635337829590e-01,9.680814146995544434e-01,9.352400302886962891e-01,8.119722604751586914e-01
7.516998052597045898e-01,9.677006602287292480e-01,3.004108071327209473e-01,6.072728037834167480e-01,6.315109133720397949e-01,9.907533526420593262e-01,1.760137677192687988e-01,7.106677889823913574e-01,9.260315895080566406e-01,9.954588413238525391e-01,8.696491122245788574e-01,7.385615110397338867e-01,8.915216922760009766e-01,9.798710942268371582e-01,8.678922057151794434e-01,7.213270664215087891e-01,9.355484843254089355e-01,9.666781425476074219e-01,9.429869651794433594e-01,7.833628654479980469e-01
7.524582147598266602e-01,9.689059257507324219e-01,2.992244064807891846e-01,6.162317395210266113e-01,6.435131430625915527e-01,9.930627346038818359e-01,1.882064640522003174e-01,7.311952710151672363e-01,9.330829381942749023e-01,9.948383569717407227e-01,8.696491122245788574e-01,7.385615110397338867e-01,8.983925580978393555e-01,9.812925457954406738e-01,9.254354238510131836e-01,7.374687790870666504e-01,9.362992048263549805e-01,9.674784541130065918e-01,9.496483802795410156e-01,8.001087307929992676e-01
7.529304027557373047e-01,9.677006602287292480e-01,2.881921529769897461e-01,5.996711254119873047e-01,6.521622538566589355e-01,9.937302470207214355e-01,1.904438138008117676e-01,7.098632454872131348e-01,9.330829381942749023e-01,9.954588413238525391e-01,9.660592079162597656e-01,7.160957455635070801e-01,8.977463245391845703e-01,9.808872342109680176e-01,9.423018097877502441e-01,7.928028702735900879e-01,9.219074249267578125e-01,9.664753675460815430e-01,8.505870103836059570e-01,7.876729965209960938e-01
7.532818317413330078e-01,9.673007726669311523e-01,2.908491790294647217e-01,6.141403317451477051e-01,6.575395464897155762e-01,9.910871386528015137e-01,1.883950531482696533e-01,6.967965960502624512e-01,9.440388679504394531e-01,9.960794448852539062e-01,9.494891166687011719e-01,7.344172596931457520e-01,8.969177007675170898e-01,9.794601798057556152e-01,9.450023174285888672e-01,7.524486780166625977e-01,9.272443056106567383e-01,9.672811031341552734e-01,9.328067302703857422e-01,7.861358523368835449e-01
7.549070715904235840e-01,9.674980044364929199e-01,2.978740930557250977e-01,5.994131565093994141e-01,6.555228829383850098e-01,9.930627346038818359e-01,1.892113983631134033e-01,6.782284975051879883e-01,9.249467849731445312e-01,9.960794448852539062e-01,9.603559374809265137e-01,6.951826214790344238e-01,8.976180553436279297e-01,9.800709486007690430e-01,9.470247626304626465e-01,7.692312598228454590e-01,9.346905350685119629e-01,9.676812291145324707e-01,9.460088014602661133e-01,8.026980161666870117e-01
7.549070715904235840e-01,9.668954014778137207e-01,2.873499989509582520e-01,5.922572612762451172e-01,6.468805074691772461e-01,9.914119243621826172e-01,1.944707483053207397e-01,7.269935607910156250e-01,9.431484937667846680e-01,9.964911937713623047e-01,9.688298702239990234e-01,7.199685573577880859e-01,9.235477447509765625e-01,9.800709486007690430e-01,9.481090903282165527e-01,7.666891217231750488e-01,9.360591769218444824e-01,9.676812291145324707e-01,9.485273361206054688e-01,8.178616166114807129e-01
7.567949295043945312e-01,9.678978919982910156e-01,2.961846590042114258e-01,6.034384965896606445e-01,6.368322372436523438e-01,9.914119243621826172e-01,1.806516051292419434e-01,6.922076940536499023e-01,9.382871389389038086e-01,9.979352951049804688e-01,9.418757557868957520e-01,7.662754058837890625e-01,8.783028125762939453e-01,9.806817770004272461e-01,8.602465987205505371e-01,7.959095239639282227e-01,9.300124049186706543e-01,9.696874618530273438e-01,9.459174871444702148e-01,8.157157301902770996e-01
7.566746473312377930e-01,9.685005545616149902e-01,2.917576432228088379e-01,5.779591798782348633e-01,6.345520019531250000e-01,9.917456507682800293e-01,1.712272763252258301e-01,7.103847265243530273e-01,9.347102642059326172e-01,9.966942071914672852e-01,9.725691080093383789e-01,7.634921669960021973e-01,9.064372777938842773e-01,9.812925457954406738e-01,9.256283044815063477e-01,7.649009227752685547e-01,9.346751570701599121e-01,9.674784541130065918e-01,9.375437498092651367e-01,7.921637892723083496e-01
7.566746473312377930e-01,9.670981168746948242e-01,2.960694432258605957e-01,5.977841615676879883e-01,6.357623338699340820e-01,9.914119243621826172e-01,1.711271405220031738e-01,7.103847265243530273e-01,9.368441104888916016e-01,9.973148107528686523e-01,9.544126987457275391e-01,7.608065009117126465e-01,9.038674831390380859e-01,9.806817770004272461e-01,9.256283044815063477e-01,7.649009227752685547e-01,9.299511313438415527e-01,9.674784541130065918e-01,9.399152994155883789e-01,8.058931827545166016e-01
7.538188695907592773e-01,9.666982293128967285e-01,2.980033755302429199e-01,6.094915270805358887e-01,6.298989057540893555e-01,9.927379488945007324e-01,1.711271405220031738e-01,6.876931190490722656e-01,9.339426755905151367e-01,9.960794448852539062e-01,9.583289027214050293e-01,7.562423944473266602e-01,8.952456712722778320e-01,9.800709486007690430e-01,9.481791853904724121e-01,8.006332516670227051e-01,9.334086179733276367e-01,9.698902964591979980e-01,9.523288011550903320e-01,7.927157878875732422e-01
7.504270076751708984e-01,9.662927985191345215e-01,2.906607985496520996e-01,6.171768903732299805e-01,6.239915490150451660e-01,9.914119243621826172e-01,1.714912503957748413e-01,7.260102629661560059e-01,9.449598789215087891e-01,9.950414896011352539e-01,9.604308605194091797e-01,7.090957760810852051e-01,8.952456712722778320e-01,9.814980030059814453e-01,9.381079077720642090e-01,8.050001263618469238e-01,9.329744577407836914e-01,9.664753675460815430e-01,9.396210908889770508e-01,8.029699325561523438e-01
7.459406256675720215e-01,9.685005545616149902e-01,2.824020087718963623e-01,6.085095405578613281e-01,6.239915490150451660e-01,9.920794367790222168e-01,1.674777269363403320e-01,6.885423660278320312e-01,9.290199279785156250e-01,9.958707094192504883e-01,9.652616381645202637e-01,7.101272940635681152e-01,8.892379999160766602e-01,9.794601798057556152e-01,9.386017918586730957e-01,8.069669008255004883e-01,9.334902763366699219e-01,9.690845608711242676e-01,9.389914274215698242e-01,7.837305665016174316e-01
7.416967153549194336e-01,9.677006602287292480e-01,2.835734486579895020e-01,6.230691075325012207e-01,6.190883517265319824e-01,9.910871386528015137e-01,1.614815294742584229e-01,6.910380125045776367e-01,9.370282888412475586e-01,9.971116781234741211e-01,9.592913985252380371e-01,7.410588860511779785e-01,9.050315618515014648e-01,9.823087453842163086e-01,9.251052141189575195e-01,7.586001157760620117e-01,9.295783042907714844e-01,9.668754935264587402e-01,9.466884136199951172e-01,7.952056527137756348e-01
7.364745140075683594e-01,9.678978919982910156e-01,2.740198969841003418e-01,6.368176341056823730e-01,6.070793867111206055e-01,9.910871386528015137e-01,1.399842947721481323e-01,7.262635231018066406e-01,9.359178543090820312e-01,9.971116781234741211e-01,9.694476127624511719e-01,7.634124755859375000e-01,9.050315618515014648e-01,9.788549542427062988e-01,9.552197456359863281e-01,8.341439962387084961e-01,9.376423954963684082e-01,9.678840637207031250e-01,9.490363597869873047e-01,8.187749385833740234e-01
7.324475049972534180e-01,9.678978919982910156e-01,2.635292112827301025e-01,6.455821990966796875e-01,5.997272133827209473e-01,9.924041628837585449e-01,1.233258694410324097e-01,6.952657103538513184e-01,9.352321624755859375e-01,9.977322816848754883e-01,9.543167948722839355e-01,7.819656729698181152e-01,8.996601104736328125e-01,9.796656370162963867e-01,9.453179836273193359e-01,8.300030231475830078e-01,9.237561821937561035e-01,9.672811031341552734e-01,8.827493190765380859e-01,8.304997682571411133e-01
7.318923473358154297e-01,9.677006602287292480e-01,2.572300434112548828e-01,6.455821990966796875e-01,5.976978540420532227e-01,9.933964610099792480e-01,1.242592111229896545e-01,7.116436958312988281e-01,9.411169290542602539e-01,9.956619739532470703e-01,9.635884165763854980e-01,7.677991986274719238e-01,8.971396684646606445e-01,9.790548086166381836e-01,9.365004897117614746e-01,8.621003031730651855e-01,9.419527649879455566e-01,9.678840637207031250e-01,9.439991712570190430e-01,8.060345649719238281e-01
7.341959476470947266e-01,9.668954014778137207e-01,2.572300434112548828e-01,6.524262428283691406e-01,5.952324271202087402e-01,9.917456507682800293e-01,1.092562675476074219e-01,7.179945111274719238e-01,9.202338457107543945e-01,9.962824583053588867e-01,9.361634254455566406e-01,7.973301410675048828e-01,8.955415487289428711e-01,9.792602658271789551e-01,9.350595474243164062e-01,8.521174788475036621e-01,9.200841784477233887e-01,9.678840637207031250e-01,7.976872920989990234e-01,7.531466484069824219e-01
7.337428331375122070e-01,9.668954014778137207e-01,2.659199237823486328e-01,6.377392411231994629e-01,5.882902145385742188e-01,9.917456507682800293e-01,1.092562675476074219e-01,7.179945111274719238e-01,9.582492113113403320e-01,9.962824583053588867e-01,9.755886793136596680e-01,7.619683742523193359e-01,9.106396436691284180e-01,9.804818630218505859e-01,9.480038285255432129e-01,7.976905703544616699e-01,9.222036004066467285e-01,9.666781425476074219e-01,8.598052263259887695e-01,8.323208689689636230e-01
7.337428331375122070e-01,9.673007726669311523e-01,2.668645083904266357e-01,6.274397373199462891e-01,5.822789669036865234e-01,9.914119243621826172e-01,1.094961389899253845e-01,7.301411628723144531e-01,9.459117650985717773e-01,9.962824583053588867e-01,9.554232954978942871e-01,7.573137879371643066e-01,9.036455154418945312e-01,9.810870885848999023e-01,9.405950307846069336e-01,8.382413387298583984e-01,9.434593319892883301e-01,9.680814146995544434e-01,9.514255523681640625e-01,8.271696567535400391e-01
7.339446544647216797e-01,9.670981168746948242e-01,2.664149105548858643e-01,6.363484263420104980e-01,5.822789669036865234e-01,9.933964610099792480e-01,9.545382857322692871e-02,7.037321925163269043e-01,9.307290315628051758e-01,9.971116781234741211e-01,9.590155482292175293e-01,7.295780777931213379e-01,8.955810070037841797e-01,9.806817770004272461e-01,9.165097475051879883e-01,8.734380602836608887e-01,9.205335974693298340e-01,9.674784541130065918e-01,7.744078636169433594e-01,7.938005924224853516e-01
7.359983325004577637e-01,9.677006602287292480e-01,2.770220041275024414e-01,6.220401525497436523e-01,5.761169791221618652e-01,9.914119243621826172e-01,9.413500130176544189e-02,7.140983343124389648e-01,9.362914562225341797e-01,9.960794448852539062e-01,9.771179556846618652e-01,7.808799147605895996e-01,9.030832052230834961e-01,9.806817770004272461e-01,9.406855702400207520e-01,8.256143331527709961e-01,9.403797388076782227e-01,9.670783281326293945e-01,9.467031955718994141e-01,8.012756705284118652e-01
7.379401922225952148e-01,9.670981168746948242e-01,2.773572802543640137e-01,6.378197073936462402e-01,5.742182731628417969e-01,9.930627346038818359e-01,9.212486445903778076e-02,7.162438035011291504e-01,9.323972463607788086e-01,9.962824583053588867e-01,9.630456566810607910e-01,7.979020476341247559e-01,8.966858386993408203e-01,9.798710942268371582e-01,9.138034582138061523e-01,8.439193367958068848e-01,9.258195161819458008e-01,9.688871502876281738e-01,9.078559875488281250e-01,8.251742720603942871e-01
7.385571599006652832e-01,9.674980044364929199e-01,2.759547233581542969e-01,6.049935817718505859e-01,5.716155171394348145e-01,9.937302470207214355e-01,8.881182968616485596e-02,7.015867233276367188e-01,9.337584972381591797e-01,9.964911937713623047e-01,9.551114439964294434e-01,7.365636229515075684e-01,9.032361507415771484e-01,9.823087453842163086e-01,9.317190647125244141e-01,8.371451497077941895e-01,9.262177944183349609e-01,9.696874618530273438e-01,9.215817451477050781e-01,8.167193531990051270e-01
7.386857867240905762e-01,9.670981168746948242e-01,2.755337953567504883e-01,6.195901036262512207e-01,5.694435238838195801e-01,9.914119243621826172e-01,8.591718971729278564e-02,6.972882747650146484e-01,9.374376535415649414e-01,9.964911937713623047e-01,9.642781019210815430e-01,7.766343355178833008e-01,8.910235166549682617e-01,9.808872342109680176e-01,9.266044497489929199e-01,7.985391020774841309e-01,9.476778507232666016e-01,9.692873358726501465e-01,9.441434144973754883e-01,7.880709171295166016e-01
7.364361882209777832e-01,9.678978919982910156e-01,2.742279767990112305e-01,6.240175962448120117e-01,5.669997334480285645e-01,9.927379488945007324e-01,8.562727272510528564e-02,6.954743266105651855e-01,9.371920824050903320e-01,9.958707094192504883e-01,9.728270173072814941e-01,7.655624151229858398e-01,9.132735729217529297e-01,9.808872342109680176e-01,9.306406378746032715e-01,8.730599284172058105e-01,9.247673749923706055e-01,9.692873358726501465e-01,8.962838649749755859e-01,8.052179813385009766e-01
7.358338832855224609e-01,9.674980044364929199e-01,2.647490501403808594e-01,6.292930841445922852e-01,5.637698173522949219e-01,9.927379488945007324e-01,7.663752138614654541e-02,6.992288827896118164e-01,9.290046691894531250e-01,9.954588413238525391e-01,9.728270173072814941e-01,7.655624151229858398e-01,9.048885107040405273e-01,9.814980030059814453e-01,9.474543929100036621e-01,8.730599284172058105e-01,9.371980428695678711e-01,9.692873358726501465e-01,9.452967643737792969e-01,7.874590158462524414e-01
7.352458834648132324e-01,9.678978919982910156e-01,2.715008258819580078e-01,6.099339723587036133e-01,5.578690767288208008e-01,9.927379488945007324e-01,7.480703294277191162e-02,7.130479812622070312e-01,9.386811256408691406e-01,9.958707094192504883e-01,9.675735235214233398e-01,8.270022273063659668e-01,8.968338966369628906e-01,9.792602658271789551e-01,9.474543929100036621e-01,8.497394919395446777e-01,9.326425790786743164e-01,9.672811031341552734e-01,9.404654502868652344e-01,7.998140454292297363e-01
7.339446544647216797e-01,9.681006073951721191e-01,2.608967125415802002e-01,6.169087290763854980e-01,5.528621077537536621e-01,9.927379488945007324e-01,8.063612133264541626e-02,7.074384093284606934e-01,9.386811256408691406e-01,9.962824583053588867e-01,9.459987878799438477e-01,7.786213159561157227e-01,8.968338966369628906e-01,9.802764058113098145e-01,9.220568537712097168e-01,8.127833008766174316e-01,9.475706219673156738e-01,9.674784541130065918e-01,9.453408718109130859e-01,7.814820408821105957e-01
7.323498129844665527e-01,9.677006602287292480e-01,2.645409703254699707e-01,6.384164094924926758e-01,5.492670536041259766e-01,9.613537192344665527e-01,7.970837503671646118e-02,7.060155272483825684e-01,9.321260452270507812e-01,9.975235462188720703e-01,9.650906920433044434e-01,7.850350141525268555e-01,8.985354900360107422e-01,9.819034337997436523e-01,9.310614466667175293e-01,8.592228889465332031e-01,9.289194941520690918e-01,9.658723473548889160e-01,9.230676889419555664e-01,7.814820408821105957e-01
7.335872650146484375e-01,9.685005545616149902e-01,2.637973129749298096e-01,6.344010829925537109e-01,5.498524308204650879e-01,9.226983785629272461e-01,8.108180016279220581e-02,7.060155272483825684e-01,9.346386194229125977e-01,9.973148107528686523e-01,9.472281336784362793e-01,8.439555764198303223e-01,9.119467735290527344e-01,9.806817770004272461e-01,9.416763782501220703e-01,8.198852539062500000e-01,9.277396798133850098e-01,9.696874618530273438e-01,9.230676889419555664e-01,8.106520771980285645e-01
7.368651628494262695e-01,9.668954014778137207e-01,2.673636674880981445e-01,6.250867247581481934e-01,5.481120347976684570e-01,8.794224858283996582e-01,8.108180016279220581e-02,7.041195631027221680e-01,9.405694007873535156e-01,9.973148107528686523e-01,9.672736525535583496e-01,7.791460752487182617e-01,8.880788087844848633e-01,9.802764058113098145e-01,9.172229170799255371e-01,8.527801036834716797e-01,9.311819672584533691e-01,9.692873358726501465e-01,9.224232435226440430e-01,7.875132560729980469e-01
7.393484115600585938e-01,9.683032631874084473e-01,2.732574343681335449e-01,6.360132098197937012e-01,5.466247200965881348e-01,8.391181826591491699e-01,8.073275536298751831e-02,7.054753899574279785e-01,9.342446327209472656e-01,9.960794448852539062e-01,9.625178575515747070e-01,8.046088218688964844e-01,9.181270599365234375e-01,9.806817770004272461e-01,9.179886579513549805e-01,8.612117171287536621e-01,9.311819672584533691e-01,9.700876474380493164e-01,9.479742050170898438e-01,8.027974963188171387e-01
